movieId,popularity
356,329
318,317
296,307
593,279
2571,278
260,251
480,238
110,237
589,224
527,220
2959,218
1,215
1196,211
2858,204
50,204
47,203
780,202
150,201
1198,200
4993,198
1210,196
858,192
457,190
592,189
5952,188
2028,188
7153,185
588,183
608,181
2762,179
380,178
32,177
364,172
377,171
1270,171
3578,170
4306,170
1580,165
590,164
648,162
344,161
4226,159
367,157
6539,149
58559,149
595,146
1214,146
1036,145
500,144
165,144
1265,143
79132,143
1197,142
1704,141
6377,141
316,140
1721,140
1291,140
2628,140
153,137
1136,136
597,135
1193,133
293,133
231,133
3793,133
10,132
4886,132
1089,131
7361,131
6874,131
1240,131
2329,129
1221,129
34,128
1200,126
1213,126
8961,125
1682,125
541,124
736,123
4995,123
5349,122
1097,122
733,121
2683,121
1206,120
2716,120
4973,120
5445,120
1073,119
4963,119
1527,116
33794,116
586,116
587,115
208,115
5989,115
1968,113
5418,112
185,112
3147,111
349,110
3996,110
2,110
7438,110
4878,109
924,109
2918,109
253,109
1258,109
2115,108
329,108
48516,107
4896,107
1208,107
1732,106
539,106
68954,105
1923,105
223,104
111,104
39,104
60069,104
357,103
161,103
2706,103
778,102
5816,102
1222,102
6,102
292,101
454,101
434,101
912,100
1517,100
44191,100
4022,100
2997,99
104,99
339,98
1617,97
3114,97
750,97
72998,97
2987,97
1961,96
1784,96
6365,96
3949,96
2502,94
59315,94
4027,94
551,93
8368,93
4011,93
2355,92
288,92
919,92
5378,92
8360,92
2396,92
1917,92
1356,91
2797,91
3948,91
2174,91
1387,91
1259,91
48780,90
1610,90
1080,89
21,89
2916,88
2324,88
68157,88
2012,88
19,88
2011,87
2791,87
5618,87
2617,87
141,86
1653,86
1391,86
1246,86
5218,85
1393,85
1307,85
904,84
95,84
32587,84
1220,84
410,84
1101,83
1219,83
3897,83
788,82
16,82
1584,82
317,81
48394,81
54286,81
300,81
442,81
49272,81
1676,80
62,80
51662,80
2291,80
3052,79
1247,79
8636,79
6934,79
3751,78
33493,78
8874,77
1625,77
337,77
1573,77
594,77
3623,77
46578,77
6333,76
25,76
440,76
1225,76
91529,76
69122,76
2700,76
2692,75
3481,75
2000,75
6016,75
3175,75
8665,75
368,74
35836,74
6711,74
1485,74
109487,73
3994,73
3977,72
1201,72
50872,72
45722,72
63082,71
1028,71
99114,71
40815,71
1079,71
6373,71
2985,70
474,70
1407,70
11,70
4034,70
235,70
3408,70
520,69
7147,69
89745,69
923,69
1278,69
48,68
3753,68
4979,68
266,68
2054,68
1380,68
1370,68
4262,67
2542,67
17,67
2353,67
36,67
2081,67
1544,67
74458,67
1288,66
163,66
6863,66
508,66
653,65
555,65
70286,65
4246,65
5481,65
553,65
56367,65
2194,65
48385,65
1234,64
786,64
55820,64
1035,64
4025,64
1954,64
48774,64
4447,64
2710,64
353,64
5502,63
435,63
2657,63
1090,63
1374,62
41566,62
56174,62
3081,62
158,62
3421,62
1304,62
3671,62
7143,62
173,62
1127,62
51255,61
3717,61
5459,61
3527,61
30793,61
2321,61
8644,61
509,61
3253,61
2640,61
552,61
596,60
466,60
903,60
3471,60
5299,60
1377,60
2006,60
6378,59
1199,59
1500,59
68358,59
2302,59
1252,59
6942,59
1552,59
420,59
112852,59
3535,59
3033,59
33679,59
1230,58
1608,58
1207,58
5669,58
370,58
69844,58
81845,58
34162,58
54001,58
2167,58
1394,58
708,58
6502,58
953,58
73017,58
2268,57
1276,57
160,57
80463,57
2470,57
2005,57
1203,57
908,57
350,57
8641,57
2599,56
1777,56
53125,56
2395,56
2671,56
2529,56
1641,56
4370,56
1148,56
1302,56
70,55
5956,55
54503,55
2080,55
2804,55
4308,55
432,55
4720,55
78499,55
168,54
2572,54
4018,54
784,54
122904,54
106782,54
2406,54
4816,54
91500,54
7,54
59784,54
3911,53
76093,53
2078,53
2712,53
673,53
485,53
2947,53
3489,53
71535,53
2699,53
2701,53
1282,53
49530,53
172,53
1997,53
1466,52
3160,52
45499,52
3552,52
109374,52
1639,52
52973,52
225,52
30707,52
3,52
6870,52
4776,51
4239,51
4848,51
1645,51
145,51
1215,51
2100,51
910,50
5010,50
34405,50
2424,50
96079,50
34048,50
88125,50
116797,50
8464,50
333,50
3785,50
8361,50
2105,50
33166,50
3176,49
2144,49
216,49
4643,49
5991,49
661,49
2641,49
5464,49
5,49
45447,49
30749,48
1275,48
7458,48
1729,48
186,48
2019,48
8784,48
3000,48
2763,48
2694,48
134130,48
745,48
1748,48
2717,47
7293,47
899,47
1367,47
1358,47
8529,47
783,47
122882,47
1921,47
1994,47
2001,47
77561,47
2539,47
4014,47
81834,47
1092,47
5679,47
1320,47
5995,46
44,46
2076,46
5902,46
3752,46
4085,46
64614,46
47099,46
1396,46
112,46
1884,46
7254,46
802,46
2002,46
54272,46
5060,46
1722,45
1183,45
1907,45
1371,45
196,45
31685,45
2288,45
1690,45
616,45
6537,45
2294,45
2023,45
236,45
920,45
4718,45
4369,45
1250,45
4270,45
1204,45
1266,45
2890,45
4571,45
3255,45
3863,45
2490,45
151,44
2085,44
8798,44
849,44
46976,44
37729,44
33004,44
52722,44
5377,44
3499,44
913,44
1333,44
111759,44
5903,44
4975,44
79702,44
3755,44
2407,43
1876,43
2455,43
497,43
2161,43
1376,43
134853,43
3448,43
852,43
8984,43
3363,43
87232,43
60684,43
2278,43
76251,43
252,43
2605,43
4310,43
3275,43
47610,43
1263,43
3624,43
1262,43
1597,43
1375,42
81591,42
2724,42
441,42
355,42
1022,42
431,42
1967,42
1562,42
1088,42
261,42
2273,42
785,42
69757,42
1372,42
59369,42
1909,42
1094,42
3210,42
3868,42
3301,42
1042,42
91658,42
2915,42
762,41
3617,41
2087,41
122886,41
55247,41
5810,41
57669,41
543,41
494,41
4299,41
45517,41
1242,41
1285,41
2968,41
3418,41
115617,41
2003,41
7373,41
3916,41
224,40
41569,40
6218,40
2193,40
6807,40
1228,40
529,40
4367,40
44199,40
2541,40
33615,40
4223,40
471,40
31658,40
376,40
1569,40
1032,40
282,40
98809,40
1233,40
3703,40
1674,40
40819,39
2951,39
59615,39
4148,39
8949,39
8528,39
3039,39
27773,39
3300,39
53996,39
7451,39
1129,39
2723,39
3174,39
3826,39
3082,39
2094,39
2746,39
1274,39
2761,39
61323,39
1953,39
2908,39
1673,39
58998,39
2248,39
1408,39
6936,39
6188,39
2580,39
315,38
51540,38
44665,38
2124,38
91542,38
2770,38
8950,38
29,38
2018,38
277,38
2420,38
8972,38
3702,38
3362,38
2289,38
7090,38
8533,38
31,38
112552,38
79091,38
30810,37
64957,37
4016,37
92259,37
832,37
455,37
55765,37
3967,37
2021,37
8376,37
5266,37
5971,37
8622,37
58,37
1093,37
112556,37
1020,37
34150,36
585,36
345,36
3101,36
3034,36
1059,36
180,36
2581,36
119145,36
3247,36
902,36
6947,36
22,36
4638,36
3108,36
44195,36
2948,36
2231,36
3510,36
1345,36
671,36
1060,36
3409,35
31696,35
38061,35
30812,35
36529,35
66097,35
2427,35
1084,35
193,35
719,35
170,35
1029,35
628,35
914,35
63113,35
805,35
3809,35
7445,35
1249,35
60040,35
3361,35
256,35
45720,34
2140,34
85414,34
54259,34
4641,34
1287,34
1172,34
3698,34
969,34
4734,34
327,34
64839,34
86332,34
6287,34
6708,34
5254,34
44555,34
64969,34
8807,34
362,34
1663,34
4344,34
3882,34
39183,34
60,34
524,34
1947,34
1261,34
69481,34
342,33
8957,33
837,33
265,33
2145,33
1244,33
1882,33
53322,33
3396,33
637,33
2393,33
5673,33
1918,33
6534,33
1047,33
4874,33
3988,33
2300,33
4015,33
6754,33
3681,33
61132,33
5388,33
3555,33
2949,33
610,33
1272,33
30825,33
96610,32
3257,32
102125,32
104841,32
8917,32
5064,32
1644,32
2944,32
45,32
6157,32
53972,32
4361,32
303,32
8970,32
6541,32
72011,32
1912,32
6281,32
88129,32
88140,32
3285,32
1911,32
2160,32
152081,32
68237,32
2953,31
110102,31
3386,31
4890,31
3256,31
61024,31
724,31
1587,31
1717,31
46723,31
97938,31
139385,31
1566,31
88163,31
72641,31
1805,31
65,31
34319,31
3006,31
108932,31
4446,31
2064,31
5630,31
272,31
1747,31
1405,31
4701,31
135,31
4321,31
2403,30
1479,30
2058,30
38038,30
97921,30
5219,30
95167,30
2501,30
1373,30
95510,30
838,30
84152,30
915,30
111362,30
56757,30
348,30
1267,30
7022,30
1271,30
204,30
2423,30
2871,30
60074,29
647,29
2421,29
3745,29
5444,29
246,29
3168,29
2722,29
1339,29
3825,29
743,29
3450,29
3273,29
1269,29
106696,29
1061,29
898,29
94959,29
1513,29
2411,29
115149,29
6155,29
1831,29
2485,29
2384,29
115713,28
24,28
1077,28
2243,28
1223,28
1299,28
82459,28
968,28
56782,28
3186,28
5620,28
4019,28
2150,28
4232,28
198,28
45186,28
273,28
52,28
60756,28
97304,28
2335,28
46970,28
3740,28
1027,28
2788,28
74789,28
94864,27
1347,27
2431,27
3968,27
1293,27
166528,27
1982,27
909,27
8873,27
1257,27
922,27
80549,27
1179,27
741,27
2232,27
6787,27
52281,27
2109,27
122918,27
122900,27
37733,27
88744,27
4002,27
57368,27
6503,27
5013,27
4901,27
4700,27
122892,27
3424,27
3269,27
3254,27
3072,27
102445,27
5872,27
880,27
1021,27
4343,27
3252,27
720,27
1499,27
1120,27
40629,27
916,26
3476,26
2826,26
1591,26
3148,26
112183,26
4128,26
3869,26
6957,26
3264,26
1476,26
106487,26
1235,26
2082,26
68319,26
3638,26
3969,26
3556,26
1614,26
2478,26
5574,26
2409,26
148626,26
1960,26
164179,26
89492,26
2795,26
8783,26
53519,26
413,26
2616,26
2359,26
4388,26
93510,26
5945,26
107,26
168252,25
1378,25
27706,25
1680,25
67255,25
2394,25
1801,25
54997,25
53953,25
51935,25
8983,25
4823,25
6953,25
1253,25
1343,25
86882,25
2352,25
2598,25
5617,25
106920,25
3438,25
3608,25
3534,25
3005,25
2986,25
3462,25
2020,25
2186,25
2366,25
106489,25
475,25
3798,25
46530,25
1590,25
1025,25
1086,25
374,25
2872,25
230,24
5103,24
2046,24
4489,24
3037,24
3087,24
1037,24
49286,24
7454,24
307,24
5507,24
2410,24
3979,24
2993,24
56775,24
7173,24
2471,24
1212,24
87869,24
81847,24
5110,24
2528,24
2369,24
2371,24
2687,24
3098,24
1945,24
6350,24
1125,24
1385,24
926,24
1031,24
1438,24
1357,24
86880,24
2108,24
3704,24
1449,24
215,24
6593,24
515,24
66934,24
531,24
1711,24
1883,24
933,23
2336,23
81932,23
4235,23
4161,23
1962,23
866,23
117529,23
7099,23
2840,23
46972,23
1321,23
116823,23
44022,23
2805,23
1779,23
1409,23
1256,23
37741,23
7323,23
562,23
3107,23
4023,23
105,23
2052,23
799,23
45672,23
2991,23
1792,23
1298,23
2496,23
101,23
1186,23
3827,23
8371,23
2428,23
3360,22
3504,22
103042,22
6323,22
2391,22
5449,22
1586,22
2642,22
1952,22
1188,22
60072,22
237,22
2600,22
3105,22
54995,22
5171,22
5313,22
102903,22
5954,22
1958,22
4105,22
122922,22
6773,22
2245,22
91630,22
748,22
2134,22
468,22
1231,22
3104,22
122920,22
203,22
80489,22
3100,22
5283,22
1350,22
93840,22
227,22
2096,22
276,22
3317,22
4069,22
3263,22
63992,22
27904,22
97913,22
2707,22
2378,22
37386,21
3298,21
55269,21
707,21
2139,21
2405,21
106072,21
72378,21
104211,21
8910,21
5225,21
519,21
1049,21
3536,21
3354,21
546,21
79592,21
2989,21
2720,21
262,21
107406,21
1965,21
86833,21
87306,21
207,21
7325,21
53121,21
2375,21
830,21
2067,21
62434,21
3697,21
379,21
2010,21
2013,21
4247,21
1091,21
3984,21
95441,21
34437,21
41997,21
3070,21
105504,21
372,21
53000,21
6979,21
2137,21
88810,21
2376,21
371,21
1175,21
84954,21
247,21
383,21
7444,21
2125,21
81564,20
2053,20
69526,20
4855,20
101864,20
39292,20
81229,20
53464,20
63131,20
48738,20
4958,20
2133,20
1297,20
55290,20
319,20
122916,20
6283,20
36401,20
1688,20
930,20
102407,20
4448,20
3986,20
4545,20
7346,20
1616,20
175,20
1292,20
31410,20
4007,20
6297,20
5881,20
27660,20
2340,20
96588,20
1245,20
2253,20
8969,20
56949,20
7387,20
2990,20
7371,20
1588,20
106918,20
6873,20
4865,20
3910,20
1015,20
4980,20
1104,20
88405,20
419,20
1033,20
49278,20
6888,20
737,20
308,20
69,20
96821,20
4623,20
18,20
1429,20
112138,19
142488,19
2686,19
1693,19
3083,19
1224,19
761,19
3893,19
89864,19
4366,19
338,19
97752,19
2863,19
1100,19
12,19
3157,19
48304,19
2083,19
5528,19
82461,19
5308,19
1283,19
800,19
765,19
3593,19
5943,19
32031,19
55118,19
5944,19
4084,19
6156,19
3861,19
8958,19
1381,19
31878,19
2009,19
5782,19
2792,19
27831,19
3328,19
3744,19
4873,19
1441,19
481,19
6383,19
5957,19
103335,19
2567,19
2881,19
2402,19
3683,19
27611,19
103249,19
1556,19
2505,18
1209,18
4728,18
3173,18
56171,18
94777,18
2338,18
5463,18
2413,18
516,18
540,18
108190,18
6620,18
14,18
72226,18
3452,18
128360,18
2467,18
115569,18
514,18
2141,18
118696,18
90866,18
4639,18
3468,18
3635,18
138036,18
103341,18
428,18
58025,18
4621,18
68791,18
1237,18
5291,18
57640,18
954,18
6796,18
6565,18
3508,18
5152,18
176371,18
81562,18
83134,18
955,18
2110,18
2530,18
2088,18
2841,18
533,18
5015,18
1359,18
928,18
1687,18
194,18
63859,18
34072,18
47997,18
3639,18
2973,18
3479,18
249,18
91535,18
58803,18
8865,18
2527,18
1920,18
5151,18
3267,18
491,17
7004,17
3633,17
361,17
6764,17
4881,17
7163,17
5014,17
477,17
2398,17
5785,17
94677,17
56152,17
111781,17
3735,17
7149,17
2808,17
61240,17
2412,17
6059,17
5400,17
234,17
6618,17
40278,17
6879,17
84944,17
6548,17
68554,17
33162,17
3146,17
58293,17
112290,17
239,17
41285,17
3730,17
7160,17
106100,17
2072,17
71264,17
136020,17
836,17
1019,17
1635,17
6564,17
87222,17
3646,17
267,17
248,17
1835,17
3435,17
181,17
50068,17
33660,17
78469,17
52245,17
1296,17
79,17
1248,17
1464,17
117176,17
8228,17
26662,17
4992,17
2311,17
1171,17
79695,17
351,17
2313,17
1303,17
67087,17
8914,17
8810,17
55276,17
3020,17
162,17
1388,17
5419,17
3271,17
4238,17
4039,16
1894,16
6659,16
314,16
2318,16
4054,16
88,16
106002,16
3763,16
6586,16
2416,16
3972,16
2643,16
140,16
4499,16
1702,16
2735,16
2301,16
36519,16
1974,16
42738,16
7360,16
40583,16
5690,16
1254,16
1665,16
1411,16
69951,16
1589,16
73321,16
222,16
23,16
9,16
60126,16
5791,16
4327,16
2942,16
1753,16
4351,16
2387,16
2450,16
69406,16
2146,16
60950,16
1431,16
122,16
136864,16
111659,16
1227,16
8981,16
306,16
3791,16
3178,16
1348,16
2819,16
103141,16
532,16
1892,16
3821,16
106916,16
575,16
1243,16
3089,16
122926,16
105844,16
114180,16
104879,16
103772,16
2114,16
103253,16
415,16
134368,16
382,16
1719,16
5541,15
2533,15
112175,15
3243,15
41,15
1057,15
1488,15
3060,15
535,15
168250,15
59900,15
2702,15
3591,15
1515,15
2116,15
2606,15
3978,15
135887,15
2794,15
46,15
84772,15
1030,15
3159,15
3836,15
147,15
714,15
86,15
1103,15
3246,15
3686,15
2126,15
1327,15
76,15
5992,15
1217,15
3526,15
52975,15
3398,15
3355,15
1895,15
3258,15
1959,15
20,15
2059,15
3113,15
2468,15
3156,15
1845,15
104374,15
1260,15
86911,15
1281,15
158238,15
8638,15
67734,15
6003,15
839,15
3507,15
79293,15
76077,15
5025,15
2118,15
2447,15
2123,15
2688,15
1095,15
114662,15
7317,15
7347,15
135569,15
3668,15
112623,15
97306,15
3917,15
1754,15
412,15
502,15
2004,15
45666,14
4144,14
3198,14
3543,14
3980,14
5026,14
102123,14
5878,14
49651,14
159,14
47200,14
4378,14
534,14
6296,14
6385,14
52328,14
2117,14
56145,14
45431,14
290,14
98961,14
951,14
111360,14
2367,14
232,14
1344,14
71530,14
47518,14
2136,14
609,14
1955,14
4017,14
103228,14
3615,14
100,14
81,14
2060,14
1284,14
2912,14
135143,14
51412,14
905,14
26776,14
492,14
96737,14
3999,14
69644,14
542,14
8985,14
2463,14
46965,14
122924,14
99007,14
71057,14
218,14
4974,14
7367,14
58047,14
1769,14
4887,14
2901,14
164,14
6755,14
4558,14
2422,14
51086,14
5066,14
65230,14
3016,14
2966,14
152077,14
2995,14
6595,14
84374,14
4041,14
8861,14
2857,14
6709,14
8366,14
2297,14
3248,14
7439,14
1619,14
48043,14
6440,14
257,14
1251,14
90405,14
60397,14
3441,14
3440,14
2950,14
53894,14
281,14
2143,13
1135,13
2090,13
177765,13
1957,13
45728,13
4008,13
4679,13
2334,13
3044,13
8640,13
911,13
4967,13
45950,13
157296,13
1603,13
5072,13
7265,13
4040,13
4467,13
4033,13
4020,13
111364,13
53993,13
174055,13
2779,13
1518,13
3307,13
140110,13
280,13
2803,13
2728,13
77455,13
2474,13
4254,13
4214,13
78105,13
55052,13
36517,13
43928,13
47629,13
45880,13
1799,13
6331,13
1537,13
6944,13
56587,13
1124,13
8907,13
62849,13
7156,13
33836,13
7318,13
37384,13
1064,13
6993,13
1023,13
58295,13
1211,13
3030,13
1726,13
3981,13
6857,13
73,13
892,13
1620,13
122912,13
3654,13
7482,13
507,13
76175,13
4677,13
3439,13
176,13
986,13
62999,13
996,13
2459,13
417,13
1301,13
3213,13
3483,13
143355,13
2065,13
3461,13
5065,13
2325,13
6550,13
2719,13
3219,13
115210,13
3316,13
39446,13
3551,13
3852,13
59022,13
3701,13
3699,13
1833,13
26,13
2802,13
3477,13
2664,13
15,13
2454,13
188,12
144,12
34520,12
3998,12
3429,12
8781,12
900,12
2596,12
71745,12
3203,12
2532,12
5505,12
2476,12
1885,12
80219,12
3564,12
2731,12
233,12
1991,12
44972,12
54999,12
2952,12
49649,12
1916,12
490,12
493,12
2583,12
1459,12
7151,12
842,12
1081,12
72737,12
810,12
1672,12
2713,12
135536,12
6753,12
70183,12
427,12
89470,12
27801,12
44974,12
3270,12
2404,12
2867,12
1013,12
119141,12
59501,12
2312,12
2565,12
111743,12
111113,12
1956,12
187593,12
798,12
537,12
538,12
421,12
85510,12
99112,12
70293,12
3997,12
4876,12
3260,12
51077,12
952,12
332,12
8370,12
7569,12
2360,12
8373,12
36708,12
1416,12
6552,12
1277,12
45081,12
4029,12
98243,12
3274,12
6867,12
7162,12
2247,12
366,12
44761,12
179819,12
4121,12
90746,12
1457,12
663,12
30816,12
1772,12
4005,12
154,12
934,12
405,12
2739,12
125,12
2672,12
41571,12
1848,12
3244,12
2662,12
80906,12
52604,12
3812,12
2798,12
2379,12
1970,12
3088,12
3618,12
5135,12
1178,12
54881,12
5577,12
999,12
5267,12
4153,12
445,12
52435,11
6662,11
45501,11
48082,11
5265,11
52287,11
89904,11
7324,11
3062,11
1189,11
28,11
5049,11
59725,11
1295,11
37727,11
2648,11
6535,11
49274,11
6294,11
122906,11
2122,11
3397,11
159093,11
3053,11
46335,11
137857,11
56941,11
71464,11
1834,11
3004,11
59387,11
1218,11
3035,11
1216,11
104241,11
54004,11
7046,11
3831,11
4642,11
3451,11
1173,11
86190,11
3268,11
83349,11
104913,11
93326,11
994,11
7247,11
1480,11
991,11
97225,11
4368,11
48783,11
5128,11
1735,11
3783,11
2153,11
30822,11
709,11
59258,11
62374,11
5608,11
6242,11
64716,11
64983,11
40732,11
3688,11
3784,11
5294,11
4386,11
27815,11
5650,11
55282,11
3262,11
599,11
8965,11
801,11
2249,11
89774,11
4340,11
694,11
2433,11
4954,11
2796,11
381,11
1131,11
1963,11
55442,11
66203,11
2827,11
8623,11
3741,11
110553,11
6793,11
4149,11
117590,11
65088,11
42723,11
2822,11
1041,11
27808,11
5108,11
1379,11
3503,11
2926,11
2414,11
157,11
3388,11
742,11
5812,11
1273,11
1483,11
1289,11
54190,11
1950,11
373,11
65261,11
3189,11
93363,11
2921,11
4487,11
76293,11
1474,11
965,11
1810,11
48877,11
2135,11
91077,11
3824,11
3359,11
1615,11
631,11
1194,11
4291,11
640,11
31433,11
107348,11
4036,11
2622,11
2346,11
139644,11
63876,11
1342,11
489,11
4326,11
3261,11
1944,11
3259,11
42011,11
6482,11
44840,11
5693,11
87520,11
1078,11
322,10
605,10
166461,10
5380,10
2380,10
40826,10
464,10
68793,10
423,10
94,10
5329,10
4333,10
51084,10
3742,10
4322,10
7150,10
4787,10
3358,10
174,10
5970,10
2793,10
45668,10
62155,10
7154,10
3067,10
5220,10
6305,10
78209,10
6058,10
52458,10
3524,10
2296,10
6958,10
3018,10
4902,10
31221,10
258,10
34338,10
37380,10
120466,10
1927,10
47044,10
129354,10
2361,10
2138,10
55721,10
55363,10
195,10
5500,10
3484,10
3616,10
4994,10
4396,10
7263,10
91094,10
4799,10
1147,10
6367,10
32029,10
57504,10
56251,10
58156,10
88785,10
1760,10
166643,10
55830,10
8977,10
8014,10
55232,10
1969,10
1007,10
3676,10
1017,10
67923,10
71899,10
68135,10
2279,10
61250,10
92535,10
2917,10
1873,10
55768,10
114935,10
918,10
971,10
97,10
711,10
27846,10
2875,10
2690,10
50794,10
2772,10
6893,10
169,10
2924,10
3707,10
2718,10
81537,10
79139,10
393,10
4903,10
96829,10
116897,10
1241,10
1290,10
2518,10
37830,10
65514,10
2089,10
3334,10
86644,10
150548,10
2517,10
89,10
135133,10
134393,10
4228,10
328,10
3019,10
2734,10
5296,10
2097,10
78772,10
84392,10
2594,10
4167,10
87430,10
2176,10
69784,10
1185,10
79134,10
5621,10
4255,10
102481,10
3708,10
91485,10
1678,10
2513,10
728,10
8947,10
7137,10
79057,10
2142,10
1096,10
1541,10
4103,10
818,10
2111,10
3022,9
42002,9
3040,9
7285,9
37857,9
5139,9
171763,9
3918,9
95720,9
7669,9
5047,9
46948,9
45730,9
1390,9
5363,9
8866,9
4387,9
2524,9
101142,9
2408,9
2644,9
3814,9
2558,9
2806,9
111921,9
2709,9
3249,9
61248,9
26614,9
688,9
5959,9
446,9
5146,9
4280,9
2372,9
2374,9
4989,9
33437,9
205,9
63072,9
2389,9
3196,9
49396,9
64620,9
312,9
72407,9
1280,9
35957,9
4936,9
6890,9
2373,9
87529,9
5401,9
6952,9
2320,9
5093,9
36535,9
2860,9
3347,9
809,9
678,9
86345,9
2236,9
517,9
5008,9
43679,9
7981,9
1012,9
6617,9
1268,9
50601,9
4047,9
83613,9
6104,9
2148,9
8507,9
3265,9
437,9
5955,9
2941,9
62956,9
4553,9
3505,9
6615,9
4678,9
2726,9
93838,9
112171,9
96110,9
74795,9
2531,9
57528,9
8132,9
5540,9
1010,9
4427,9
66,9
3250,9
3685,9
3991,9
674,9
87485,9
1009,9
829,9
2745,9
33646,9
89804,9
74946,9
2015,9
3983,9
921,9
931,9
2034,9
7123,9
97923,9
7132,9
5784,9
1238,9
6765,9
861,9
120799,9
71156,9
3877,9
69640,9
3515,9
133419,9
135861,9
38886,9
175303,9
47122,9
6238,9
2027,9
43936,9
67197,9
5293,9
358,9
160438,9
62336,9
52885,9
2456,9
8643,9
6214,9
2843,9
93,9
1914,9
8666,9
4519,9
2262,9
3095,9
1862,9
7158,9
3444,9
53123,9
164909,9
39444,9
6299,9
4880,9
3844,9
95105,9
55267,9
3071,9
305,9
4732,9
27,9
3155,9
2747,9
2183,9
3754,9
5247,9
37731,9
1300,9
1734,9
1707,8
3512,8
2870,8
782,8
143859,8
1132,8
558,8
7169,8
111617,8
2919,8
5040,8
2799,8
2259,8
92,8
289,8
2401,8
149406,8
102686,8
3566,8
3152,8
433,8
407,8
5524,8
59421,8
2155,8
37382,8
2022,8
6006,8
3959,8
2568,8
2130,8
7570,8
55261,8
4477,8
4037,8
1461,8
43,8
2348,8
1658,8
932,8
163645,8
6166,8
57,8
3649,8
3200,8
4359,8
146656,8
360,8
7007,8
143385,8
107141,8
2668,8
1005,8
71838,8
1806,8
1011,8
482,8
13,8
140174,8
7573,8
7034,8
105213,8
101362,8
3549,8
3498,8
131013,8
6187,8
90647,8
2861,8
3675,8
2048,8
2014,8
4941,8
3208,8
7802,8
3204,8
6731,8
4349,8
5420,8
78574,8
2560,8
50912,8
4062,8
1346,8
4132,8
4155,8
5882,8
2613,8
8966,8
416,8
4090,8
177593,8
54736,8
176101,8
4857,8
58299,8
4587,8
4719,8
177,8
32598,8
8645,8
32296,8
70336,8
4866,8
1939,8
804,8
56339,8
8937,8
7155,8
36525,8
2162,8
5582,8
5055,8
74,8
5009,8
67408,8
160080,8
68659,8
6774,8
3950,8
57274,8
2551,8
3272,8
4508,8
3693,8
80693,8
3385,8
68205,8
3705,8
1858,8
3054,8
130520,8
3943,8
3466,8
6303,8
86298,8
2171,8
8,8
50442,8
51080,8
55908,8
2322,8
52952,8
6264,8
46322,8
3614,8
39381,8
2473,8
7161,8
7076,8
5323,8
3727,8
41573,8
31420,8
79224,8
63062,8
2752,8
27788,8
7255,8
161131,8
3201,8
448,8
613,8
3706,8
3896,8
2033,8
79008,8
82,8
62081,8
44694,8
5553,8
95875,8
1279,8
2344,8
55995,8
2935,8
710,8
4437,8
2269,8
1425,8
4010,8
27731,8
56788,8
667,8
1414,8
1966,8
6266,8
4914,8
161582,8
60766,8
1232,8
2445,8
55280,8
1924,8
93270,8
89753,8
5900,8
544,8
1701,8
5309,8
7366,8
2458,8
2392,8
30894,8
71282,8
7063,8
8973,8
48997,8
99117,8
32019,8
1889,8
7256,8
4133,8
4052,8
92420,8
5478,8
2889,8
4899,8
2457,8
6707,8
98491,8
43871,8
2759,8
27803,8
99813,8
3061,8
2443,8
940,8
180031,8
2112,8
3068,7
8860,7
108729,7
3341,7
4951,7
781,7
140715,7
6380,7
4380,7
1184,7
473,7
943,7
134170,7
110501,7
3521,7
735,7
2025,7
1445,7
7980,7
159817,7
170705,7
95558,7
85,7
72733,7
39414,7
1202,7
96861,7
99149,7
6880,7
522,7
79357,7
4450,7
5325,7
1646,7
3811,7
33669,7
7934,7
6250,7
2316,7
5004,7
3426,7
255,7
27266,7
7396,7
2202,7
8042,7
1627,7
1713,7
6932,7
6881,7
6645,7
7139,7
4713,7
62644,7
5530,7
2159,7
2203,7
3102,7
1689,7
3308,7
3197,7
2936,7
5159,7
6868,7
80363,7
65802,7
80831,7
2550,7
133771,7
274,7
2354,7
106766,7
2328,7
103688,7
2381,7
132046,7
5094,7
5106,7
2169,7
5803,7
34323,7
2040,7
6484,7
1972,7
1971,7
7036,7
1855,7
7380,7
3387,7
3394,7
2846,7
2907,7
53460,7
69278,7
106491,7
90439,7
6987,7
103384,7
102716,7
149354,7
82202,7
78637,7
61160,7
3365,7
39715,7
7701,7
58154,7
2859,7
4741,7
5504,7
5364,7
4,7
7419,7
2240,7
87,7
3565,7
8340,7
2829,7
5508,7
2729,7
43836,7
1681,7
122896,7
40148,7
4159,7
4889,7
53129,7
32596,7
8808,7
135436,7
5303,7
40339,7
42725,7
5316,7
2877,7
3478,7
4649,7
5501,7
6001,7
74545,7
7375,7
82167,7
48322,7
91104,7
69436,7
158872,7
8169,7
79428,7
85367,7
48982,7
1840,7
3513,7
3952,7
86347,7
86320,7
167746,7
110730,7
378,7
1542,7
426,7
1354,7
81782,7
3629,7
505,7
906,7
325,7
1286,7
662,7
52319,7
1694,7
700,7
8814,7
704,7
901,7
945,7
950,7
98124,7
3296,7
3099,7
81788,7
848,7
2764,7
97836,7
2132,7
7381,7
82169,7
53468,7
4109,7
71033,7
2815,7
2906,7
63,7
56156,7
2879,7
6213,7
5312,7
41716,7
8633,7
3066,7
8880,7
58162,7
85342,7
106642,7
5572,7
5573,7
126,7
5747,7
5446,7
229,7
5292,7
60937,7
2500,7
47999,7
7013,7
3024,7
2469,7
32017,7
4681,7
49822,7
3036,7
6639,7
51709,7
436,7
4068,7
6763,7
45210,7
2492,7
47644,7
43396,7
1975,7
36527,7
6290,7
31225,7
1976,7
72,7
34534,7
64622,7
2750,7
438,7
1432,7
3134,7
86377,7
4006,7
6996,7
6721,7
54256,7
2730,7
2390,7
5568,7
4744,7
33672,7
2946,7
33495,7
2121,7
64575,7
2351,7
2195,7
7028,7
71254,7
1866,7
1951,7
4654,7
1446,7
42,7
4225,7
4056,7
1948,7
3873,7
74530,7
1056,7
3684,7
2349,7
450,7
1863,7
64497,7
65216,7
65682,7
168248,7
127198,6
8968,6
136562,6
1683,6
8614,6
936,6
44193,6
4205,6
94478,6
4616,6
82852,6
48520,6
3029,6
55872,6
47640,6
40581,6
8531,6
5942,6
7624,6
2239,6
346,6
82854,6
56715,6
2956,6
2880,6
110771,6
34332,6
1190,6
135137,6
85881,6
136598,6
157699,6
130634,6
88812,6
64034,6
1334,6
6536,6
33154,6
6591,6
179401,6
5792,6
4158,6
7234,6
3985,6
3041,6
8154,6
69069,6
68952,6
27721,6
4774,6
58103,6
7001,6
3266,6
162578,6
80860,6
85780,6
948,6
5479,6
6820,6
75805,6
6461,6
2940,6
127202,6
140711,6
1949,6
949,6
89087,6
4546,6
132,6
4812,6
27317,6
2748,6
86293,6
5016,6
166534,6
81156,6
160563,6
4676,6
45221,6
71520,6
45440,6
213,6
7235,6
45726,6
8254,6
44788,6
44004,6
501,6
6619,6
69306,6
95088,6
77866,6
6338,6
75985,6
50685,6
91976,6
84601,6
6669,6
130490,6
6322,6
122890,6
45732,6
96728,6
3404,6
1821,6
116799,6
27821,6
101112,6
938,6
149352,6
4203,6
119155,6
162606,6
2497,6
4564,6
49932,6
611,6
2436,6
1389,6
3469,6
155,6
4102,6
3987,6
3841,6
3177,6
1593,6
1594,6
2574,6
2306,6
414,6
556,6
1191,6
459,6
2036,6
85774,6
2092,6
3766,6
2261,6
2357,6
2315,6
87192,6
2418,6
2548,6
1365,6
1995,6
828,6
6664,6
62113,6
81784,6
95543,6
48142,6
103339,6
26133,6
7327,6
160980,6
166635,6
2184,6
2787,6
117895,6
2506,6
91128,6
2553,6
2208,6
833,6
100383,6
96811,6
3927,6
5039,6
79242,6
7460,6
73268,6
3412,6
3007,6
5585,6
2549,6
2504,6
2042,6
162350,6
1177,6
5452,6
4754,6
126548,6
80166,6
4233,6
8493,6
90249,6
95207,6
94780,6
103372,6
37720,6
45028,6
6974,6
108156,6
108945,6
33085,6
7376,6
4498,6
2432,6
139642,6
4211,6
78893,6
1809,6
851,6
31427,6
32011,6
3519,6
2579,6
33164,6
3181,6
2151,6
7064,6
44397,6
79185,6
108928,6
3032,6
1875,6
1361,6
3422,6
275,6
612,6
3063,6
4748,6
429,6
7379,6
4248,6
444,6
3238,6
64030,6
1126,6
3511,6
3392,6
5319,6
3550,6
3594,6
7319,6
1255,6
886,6
3770,6
3835,6
64231,6
3090,6
52241,6
1964,6
1018,6
2430,6
42004,6
8879,6
1083,6
56801,6
548,6
7757,6
142448,6
3079,6
2676,6
2282,6
2971,6
2976,6
1004,6
3915,6
942,6
3925,6
171,6
3955,6
1931,6
122898,6
1082,6
3993,6
4844,6
8207,6
569,6
3788,6
4178,6
6212,6
347,6
46974,6
330,6
354,6
27772,6
51939,6
71579,6
60161,6
1977,6
3799,6
4215,6
66297,6
472,6
250,6
217,6
191,6
61,6
5339,6
7164,6
7101,6
43560,6
1454,6
1024,6
1226,6
1797,6
5421,6
8869,6
33145,6
4210,6
3494,6
627,6
4452,6
5379,6
100498,6
4815,6
2099,6
90522,6
3889,6
27741,6
8908,6
51834,6
5941,6
5048,6
6062,6
2093,6
4978,6
619,5
3501,5
55814,5
2077,5
3548,5
4021,5
1366,5
5027,5
2570,5
3690,5
102,5
116,5
1034,5
26152,5
1993,5
390,5
340,5
39435,5
42728,5
8387,5
5080,5
65685,5
302,5
122902,5
270,5
1554,5
2170,5
55577,5
91653,5
90890,5
45662,5
2070,5
3401,5
58105,5
2498,5
2303,5
4030,5
4990,5
2377,5
4526,5
100163,5
3672,5
96417,5
118997,5
4304,5
26131,5
103810,5
66785,5
3840,5
113378,5
112788,5
101025,5
26084,5
85056,5
3182,5
93272,5
3153,5
32291,5
78039,5
72605,5
71518,5
117851,5
190,5
6810,5
6713,5
175569,5
4821,5
4846,5
39400,5
3327,5
3538,5
6791,5
6370,5
6301,5
5796,5
8266,5
5434,5
1192,5
169984,5
2654,5
104243,5
1050,5
102033,5
334,5
73319,5
66509,5
5081,5
3723,5
2275,5
113453,5
343,5
118900,5
2736,5
3251,5
165549,5
90600,5
5480,5
5092,5
3871,5
3599,5
98585,5
656,5
47950,5
42418,5
128620,5
8870,5
120635,5
3525,5
138210,5
83803,5
1395,5
1006,5
70599,5
2866,5
2163,5
64,5
1187,5
422,5
73323,5
6811,5
103235,5
7018,5
973,5
95449,5
56805,5
74532,5
51575,5
4915,5
4900,5
87483,5
91323,5
110127,5
4383,5
94953,5
4086,5
1043,5
5451,5
104218,5
112818,5
74868,5
156609,5
92938,5
5450,5
68073,5
168418,5
71,5
49824,5
8372,5
1983,5
2188,5
3425,5
2287,5
44828,5
6014,5
469,5
5874,5
3310,5
79553,5
2206,5
27822,5
26242,5
458,5
2263,5
2266,5
4814,5
1919,5
85401,5
7845,5
91974,5
2491,5
161634,5
81417,5
7117,5
78349,5
6794,5
2883,5
8796,5
2888,5
1973,5
54648,5
1128,5
2073,5
69134,5
891,5
66371,5
1016,5
881,5
5876,5
73266,5
4334,5
3342,5
7008,5
3038,5
2937,5
7115,5
60037,5
26903,5
9010,5
697,5
6985,5
1783,5
6777,5
71379,5
3545,5
6887,5
65130,5
6702,5
6686,5
2017,5
128520,5
68,5
34334,5
1363,5
3115,5
158966,5
183897,5
6832,5
580,5
1399,5
7044,5
4104,5
75,5
1487,5
2356,5
813,5
4735,5
7027,5
7320,5
39449,5
1633,5
1014,5
1643,5
3864,5
2252,5
6538,5
26729,5
2382,5
4591,5
5548,5
5298,5
56921,5
1703,5
6025,5
45928,5
3529,5
61236,5
44709,5
8827,5
4464,5
42718,5
5570,5
5909,5
34542,5
4267,5
71106,5
71135,5
4241,5
4275,5
1762,5
3858,5
27912,5
8604,5
550,5
1468,5
453,5
1667,5
2670,5
3553,5
1264,5
3286,5
1611,5
33903,5
1306,5
31364,5
77800,5
1755,5
3764,5
140928,5
67997,5
3946,5
4509,5
725,5
5665,5
3992,5
1442,5
95858,5
187595,5
2769,5
63853,5
4220,5
2106,5
8607,5
3724,5
3682,5
86781,5
5628,5
3528,5
3470,5
101525,5
2290,5
27592,5
86504,5
259,5
4372,5
4356,5
4971,5
64285,5
3221,5
27839,5
93721,5
6724,5
7649,5
8253,5
4234,5
59126,5
3632,5
4921,5
1498,5
60487,5
1785,5
42632,5
33158,5
2925,5
2732,5
26258,5
2618,5
60514,5
73023,5
7698,5
3726,5
2922,5
4265,5
3169,5
990,5
2429,5
43904,5
5993,5
6663,5
3506,5
8157,5
180985,5
5632,5
6951,5
5804,5
4406,5
3045,5
5107,5
27156,5
27020,5
51931,5
37739,5
6975,5
7700,5
40414,5
1582,5
41863,5
43921,5
54281,5
47423,5
242,5
6460,5
3130,5
4867,5
4474,5
2084,5
2810,5
8128,5
4465,5
6624,5
3557,5
26680,5
171011,5
4544,5
7983,5
117881,5
6666,5
1130,5
32898,5
5666,5
62250,5
4231,5
2961,5
2789,4
70565,4
74324,4
39234,4
718,4
63479,4
101962,4
65585,4
88235,4
113348,4
127098,4
4628,4
5522,4
173291,4
2882,4
87304,4
4898,4
73344,4
40955,4
165101,4
82667,4
4640,4
5646,4
5466,4
5668,4
5809,4
6341,4
1684,4
30850,4
3732,4
680,4
4439,4
1979,4
90345,4
4389,4
4432,4
4305,4
53956,4
4976,4
4160,4
55245,4
6978,4
4888,4
45175,4
2181,4
5527,4
6039,4
6375,4
4745,4
4721,4
3801,4
6744,4
4221,4
3909,4
8501,4
8581,4
5264,4
4012,4
3953,4
3111,4
5415,4
7121,4
4126,4
2264,4
1605,4
7215,4
650,4
5246,4
4175,4
6308,4
5438,4
6288,4
4850,4
581,4
4725,4
766,4
5222,4
6252,4
56563,4
3109,4
6339,4
5410,4
7259,4
2677,4
8362,4
101577,4
33880,4
2522,4
39427,4
2693,4
4802,4
3973,4
2807,4
47382,4
7340,4
7033,4
103596,4
42734,4
4419,4
48412,4
52694,4
94015,4
3572,4
1111,4
55167,4
2131,4
3306,4
67788,4
70159,4
3677,4
80126,4
83132,4
2399,4
6643,4
98154,4
53024,4
1447,4
26471,4
1996,4
1598,4
7084,4
6286,4
5951,4
27674,4
31804,4
1942,4
6012,4
5477,4
44864,4
7450,4
1837,4
7386,4
7116,4
7102,4
6785,4
6710,4
2337,4
6184,4
4191,4
3865,4
7369,4
25771,4
104076,4
88356,4
33499,4
34336,4
43376,4
3163,4
40614,4
4912,4
7026,4
39231,4
5255,4
5899,4
43917,4
2593,4
42009,4
2182,4
4605,4
5248,4
7303,4
8011,4
8364,4
27882,4
32584,4
26865,4
6337,4
4529,4
2205,4
4066,4
6808,4
26322,4
160954,4
109673,4
95307,4
97860,4
3843,4
63540,4
49910,4
1503,4
86142,4
7228,4
170697,4
634,4
6872,4
168266,4
1066,4
182823,4
6559,4
6093,4
6220,4
2091,4
1752,4
32289,4
4533,4
7316,4
692,4
1602,4
6332,4
1731,4
2786,4
4168,4
1992,4
4229,4
5879,4
152970,4
6625,4
4803,4
27790,4
4259,4
1998,4
2050,4
577,4
134214,4
71823,4
62511,4
27837,4
4042,4
3117,4
53127,4
2561,4
50798,4
49220,4
34271,4
3093,4
45442,4
3011,4
2996,4
40851,4
34532,4
123,4
4339,4
7258,4
7762,4
5873,4
95873,4
5102,4
94266,4
93766,4
6695,4
7448,4
92507,4
90531,4
38304,4
90430,4
4535,4
85131,4
4727,4
78088,4
1727,4
6040,4
4703,4
58315,4
7257,4
51037,4
47810,4
113573,4
152091,4
5099,4
3846,4
2166,4
2149,4
130576,4
3076,4
38798,4
7720,4
4063,4
2970,4
3627,4
487,4
2660,4
4792,4
2066,4
6368,4
60760,4
46967,4
85020,4
5544,4
5428,4
109846,4
3930,4
3928,4
114795,4
3167,4
3224,4
5214,4
89118,4
85022,4
4697,4
87867,4
93443,4
93831,4
6658,4
109578,4
2639,4
132796,4
105197,4
128975,4
3516,4
127108,4
112911,4
112370,4
142422,4
148956,4
158813,4
90376,4
160271,4
168326,4
3467,4
117533,4
3689,4
135567,4
117887,4
65642,4
67695,4
574,4
54785,4
3194,4
51091,4
3445,4
40723,4
33834,4
67295,4
71462,4
27604,4
140956,4
185029,4
140359,4
147378,4
8967,4
147380,4
147384,4
840,4
7894,4
127096,4
7362,4
461,4
69275,4
58301,4
1392,4
25825,4
27879,4
2902,4
2241,4
2120,4
2057,4
2043,4
37240,4
39869,4
2967,4
4091,4
173145,4
121231,4
5147,4
3728,4
1844,4
4738,4
3384,4
2575,4
3436,4
4808,4
74685,4
3091,4
1422,4
103075,4
105037,4
101612,4
1550,4
93287,4
387,4
479,4
1999,4
2265,4
27878,4
78467,4
2587,4
2615,4
74154,4
2978,4
3430,4
72167,4
5712,4
32460,4
6786,4
7000,4
67267,4
66665,4
53318,4
132157,4
8951,4
90717,4
1046,4
109483,4
32657,4
240,4
63433,4
4518,4
2016,4
271,4
61352,4
102993,4
85796,4
42013,4
60941,4
3576,4
105653,4
52967,4
49961,4
105954,4
187,4
106540,4
6852,4
47894,4
142997,4
1648,4
151739,4
168254,4
168492,4
44204,4
73015,4
65188,4
62293,4
518,4
58839,4
167036,4
4773,4
96488,4
7982,4
3822,4
456,4
210,4
523,4
5843,4
1326,4
1382,4
3074,4
1592,4
7541,4
4585,4
187541,4
4969,4
6636,4
7048,4
4141,4
7766,4
6989,4
4124,4
3786,4
7587,4
96432,4
2905,4
5891,4
3230,4
58347,4
1330,4
7842,4
3774,4
3937,4
7706,4
7481,4
136016,4
100507,4
100390,4
879,4
513,4
365,4
512,4
74510,4
55253,4
142222,4
53435,4
606,4
174053,4
184471,4
49772,4
48696,4
104069,4
2383,4
7069,4
3190,4
639,4
5414,4
137337,4
6249,4
72356,4
5988,4
167018,4
2333,4
3031,4
299,4
98203,4
4928,4
4686,4
947,4
7294,4
6687,4
3606,4
7748,4
3225,4
2204,4
103980,4
86548,4
94070,4
1860,4
4929,4
3990,4
4502,4
4381,4
3802,4
1730,4
140247,4
1305,4
3142,4
3017,4
1099,4
199,4
2771,4
2851,4
2836,4
3584,4
4067,4
27193,4
3500,4
1733,4
3497,4
27397,4
1353,4
38,4
4293,4
59333,4
6185,3
521,3
5187,3
6170,3
6027,3
4795,3
131714,3
1596,3
5404,3
57951,3
747,3
3135,3
142536,3
4916,3
2472,3
5506,3
103984,3
48744,3
4822,3
4852,3
4329,3
26974,3
4991,3
1804,3
5563,3
946,3
5074,3
178061,3
4736,3
59141,3
83177,3
1629,3
162600,3
6950,3
6387,3
52712,3
3837,3
2038,3
26778,3
26712,3
2844,3
52283,3
7566,3
6650,3
2475,3
7010,3
6193,3
2331,3
6790,3
6920,3
50005,3
49284,3
49276,3
6783,3
177615,3
3797,3
3743,3
3653,3
3554,3
3217,3
3839,3
5333,3
3733,3
3097,3
52767,3
51884,3
2891,3
31700,3
50740,3
166492,3
135532,3
8542,3
71252,3
4130,3
4300,3
1791,3
4003,3
73854,3
888,3
4195,3
47970,3
7579,3
1859,3
40959,3
3537,3
34153,3
78316,3
130450,3
4035,3
2119,3
50189,3
60333,3
91978,3
103883,3
148888,3
113,3
72129,3
567,3
2177,3
63436,3
55444,3
55069,3
89840,3
146,3
6750,3
5470,3
6291,3
87298,3
141866,3
26578,3
86835,3
8838,3
86295,3
8341,3
893,3
8183,3
6566,3
78266,3
92008,3
54,3
103801,3
64032,3
110882,3
731,3
117466,3
103655,3
3760,3
6776,3
73106,3
110297,3
91690,3
101076,3
7840,3
94503,3
95067,3
26810,3
1913,3
151455,3
95309,3
152083,3
156371,3
156387,3
158783,3
93563,3
90403,3
38095,3
71304,3
6270,3
4956,3
74508,3
4531,3
1332,3
1484,3
2682,3
326,3
115122,3
112515,3
691,3
3055,3
90888,3
3185,3
80969,3
1609,3
6235,3
47465,3
68486,3
61026,3
72489,3
4765,3
6345,3
70521,3
44759,3
5137,3
4187,3
69524,3
5820,3
2442,3
115877,3
7016,3
114762,3
80862,3
2708,3
3287,3
6800,3
26340,3
835,3
70361,3
69606,3
1150,3
110130,3
114074,3
7142,3
114818,3
2582,3
58303,3
4347,3
59103,3
4480,3
99106,3
1401,3
1465,3
32213,3
92509,3
27478,3
26686,3
75813,3
2051,3
2385,3
1626,3
65982,3
6041,3
4444,3
5680,3
1581,3
1599,3
46062,3
69849,3
1686,3
5427,3
62394,3
5423,3
62376,3
2152,3
6215,3
291,3
136018,3
4794,3
7206,3
7354,3
7299,3
5476,3
715,3
452,3
78,3
6334,3
8928,3
49647,3
927,3
304,3
26422,3
6335,3
81018,3
2477,3
2525,3
53550,3
1430,3
1161,3
4219,3
55116,3
55094,3
3947,3
2074,3
2535,3
251,3
3598,3
5382,3
2488,3
6306,3
3158,3
4146,3
61348,3
46850,3
104283,3
56607,3
7104,3
96606,3
7834,3
4644,3
4723,3
3431,3
4849,3
3406,3
2816,3
61350,3
5046,3
2537,3
2534,3
7310,3
70533,3
2024,3
33896,3
33421,3
424,3
6584,3
1176,3
1105,3
2147,3
5497,3
8491,3
1934,3
125916,3
5589,3
100714,3
89759,3
4577,3
50802,3
46572,3
34321,3
4482,3
5610,3
4442,3
4317,3
94985,3
4207,3
57243,3
1453,3
8833,3
3129,3
3502,3
90603,3
3326,3
228,3
72395,3
74754,3
1003,3
6567,3
2943,3
313,3
147382,3
165639,3
2310,3
26585,3
4424,3
8526,3
87234,3
5021,3
106873,3
104303,3
84187,3
147374,3
117192,3
6614,3
7812,3
7810,3
4625,3
27728,3
31184,3
179817,3
58332,3
3415,3
54372,3
2035,3
145839,3
27368,3
112804,3
8815,3
48326,3
7072,3
45208,3
6319,3
155288,3
5485,3
104863,3
6374,3
115680,3
5643,3
6063,3
50804,3
6959,3
4688,3
6100,3
182715,3
7261,3
8369,3
68848,3
49130,3
7216,3
7045,3
3769,3
2526,3
1051,3
8008,3
7080,3
7060,3
6005,3
7009,3
3299,3
55241,3
4373,3
55553,3
4789,3
3075,3
2818,3
86290,3
8799,3
1647,3
36509,3
4572,3
5644,3
6022,3
7015,3
2511,3
8012,3
8835,3
42732,3
7932,3
1836,3
43919,3
44731,3
869,3
4537,3
33639,3
7301,3
99917,3
5788,3
3350,3
32009,3
209,3
27434,3
6885,3
8939,3
8916,3
7209,3
5417,3
212,3
8864,3
8836,3
2681,3
2102,3
6298,3
72731,3
170875,3
34536,3
5523,3
4278,3
4289,3
4392,3
31116,3
460,3
175485,3
175661,3
4409,3
59014,3
56176,3
4441,3
32022,3
1351,3
1601,3
156607,3
3813,3
166,3
143969,3
1649,3
1827,3
26375,3
25841,3
9018,3
8044,3
2563,3
7311,3
2691,3
2696,3
51925,3
48593,3
1670,3
4920,3
7078,3
2514,3
6483,3
3127,3
5387,3
8982,3
3964,3
91628,3
57532,3
86892,3
3364,3
536,3
1938,3
1936,3
1236,3
27722,3
7728,3
2633,3
2327,3
8695,3
8948,3
27408,3
4833,3
96448,3
2634,3
4563,3
2554,3
2363,3
42015,3
4552,3
188301,3
3712,3
6002,3
74750,3
118702,3
1529,3
2103,3
2460,3
7348,3
70946,3
1606,3
2347,3
180095,3
102194,3
163134,3
6558,3
5613,3
27873,3
6827,3
6850,3
6954,3
6898,3
2095,3
61289,3
4131,3
486,3
1984,3
8119,3
3015,3
80241,3
4471,3
4835,3
4709,3
120478,3
55250,3
4506,3
4492,3
5841,3
3819,3
4862,3
4043,3
4000,3
5696,3
49280,3
49132,3
6051,3
3957,3
3771,3
3767,3
158972,3
33725,3
5075,3
30820,3
114060,3
26528,3
1322,3
74698,3
6219,3
283,3
528,3
141544,3
26171,3
1856,3
3480,3
53974,3
6162,3
1551,3
85179,3
3420,3
2212,3
73042,3
7225,3
72701,3
32298,3
34530,3
79879,3
103,3
6966,3
42007,3
4285,3
6327,3
4345,3
5391,3
1324,3
7650,3
112006,3
6582,3
70984,3
60293,3
6549,3
8261,3
6466,3
156,3
4024,3
30848,3
6349,3
6638,3
6629,3
6315,3
51024,3
5034,3
34143,3
1355,3
4809,3
59037,3
4673,3
130518,3
4757,3
4476,3
36537,3
8033,3
34523,3
112897,3
68159,3
101283,3
26082,3
3325,3
4845,3
4733,3
998,3
1526,3
1439,3
6348,3
3710,3
27834,3
30803,3
3544,3
177763,3
85354,3
134881,3
4663,3
5460,3
94018,3
6433,3
94833,3
54780,3
665,3
935,3
53466,3
43708,3
47491,3
30898,3
2495,3
49347,3
2931,3
108949,3
109895,3
7017,3
32300,3
74916,3
25937,3
2520,3
2540,3
80590,3
85788,3
92391,3
25850,3
111622,3
112421,3
3423,3
96020,3
5120,3
99145,3
1604,3
4127,3
3884,3
109187,3
3179,3
47261,3
43460,3
58425,3
4520,3
30,3
6183,3
37736,3
34528,3
31923,3
4602,3
8959,3
7619,3
4662,3
95654,3
3145,3
3051,3
127052,3
156726,3
91126,3
129937,3
7991,3
64993,3
151315,3
1323,3
7297,3
33677,3
5250,3
85736,3
3559,3
80586,3
2988,3
2932,3
96655,3
99728,3
70728,3
6300,3
2439,3
95377,3
1904,3
944,3
3626,3
5337,3
617,3
2107,3
116977,3
4117,3
4488,3
2817,3
2026,3
6196,3
74450,3
89305,3
87876,3
5833,3
104925,3
1888,3
5556,3
72720,3
3048,3
100083,3
32554,3
3563,3
5127,3
96616,3
59727,3
170813,3
27563,3
1816,3
5965,3
60979,3
3729,3
5076,3
2041,3
6869,3
4771,3
2555,3
6197,3
7846,3
155509,3
2453,3
4256,3
6148,3
1340,3
8906,3
157312,3
2465,3
33830,3
26492,3
7236,3
26629,3
1946,3
2782,3
26870,3
5073,3
27311,3
1981,3
104906,3
7124,3
4636,3
81158,3
160567,3
7024,3
161580,3
2227,3
162478,3
5433,3
2874,3
40962,3
5475,3
62439,3
2448,3
64167,3
5678,3
3324,3
1812,3
70994,3
3395,3
71211,3
5625,3
3810,3
77364,3
1497,3
3235,3
2899,3
3393,3
73929,3
70641,3
3908,3
4081,3
3064,3
3696,3
71668,3
80139,3
79274,3
4483,3
82499,3
5471,3
6436,3
54732,3
5483,3
5437,3
3206,3
47725,3
65126,3
4438,3
4624,3
1490,2
6818,2
2674,2
48879,2
3138,2
54185,2
27899,2
1328,2
27768,2
64249,2
3758,2
60885,2
7059,2
63222,2
3830,2
101765,2
27820,2
7079,2
26249,2
3120,2
418,2
408,2
31660,2
2962,2
76173,2
176419,2
1055,2
2165,2
7753,2
77191,2
60408,2
109968,2
30846,2
5893,2
2629,2
103137,2
58404,2
2332,2
2154,2
1312,2
7056,2
430,2
1623,2
1325,2
71131,2
5238,2
4608,2
118880,2
91842,2
34148,2
8363,2
148671,2
27186,2
1978,2
5389,2
5670,2
68194,2
8268,2
2878,2
127298,2
6320,2
6581,2
105585,2
169912,2
31101,2
66744,2
2068,2
127204,2
109850,2
26444,2
335,2
5710,2
74791,2
93723,2
159858,2
31437,2
97168,2
53574,2
117545,2
1352,2
68945,2
72308,2
60516,2
8724,2
65133,2
48638,2
8748,2
122884,2
133802,2
115664,2
72294,2
105731,2
32770,2
104908,2
27685,2
185585,2
82242,2
79251,2
72171,2
27793,2
50160,2
4403,2
40697,2
92422,2
8506,2
6732,2
67534,2
9005,2
109853,2
26792,2
26554,2
26606,2
27584,2
27555,2
27838,2
147372,2
3963,2
56286,2
352,2
564,2
64997,2
7030,2
152,2
79798,2
7305,2
8035,2
62792,2
7782,2
31694,2
870,2
6770,2
1910,2
1085,2
100611,2
6410,2
32456,2
33171,2
33681,2
55451,2
1621,2
6994,2
26999,2
161922,2
55272,2
6723,2
94130,2
107314,2
73290,2
1170,2
5398,2
56003,2
6140,2
50954,2
92439,2
150596,2
168366,2
4200,2
105211,2
147376,2
89582,2
3330,2
34326,2
5134,2
25886,2
87413,2
89030,2
91488,2
48518,2
48678,2
6889,2
52375,2
1545,2
3094,2
6999,2
5113,2
40,2
84847,2
55274,2
55292,2
3834,2
5069,2
5949,2
7051,2
4893,2
59129,2
104272,2
51927,2
7019,2
703,2
1793,2
129428,2
511,2
83827,2
3725,2
4708,2
3214,2
5202,2
5288,2
78836,2
7395,2
52950,2
105254,2
1419,2
3402,2
55080,2
3569,2
4619,2
685,2
62344,2
7756,2
4749,2
51705,2
2342,2
68269,2
6153,2
59604,2
121,2
81132,2
47124,2
6909,2
2741,2
2350,2
80551,2
6265,2
1937,2
87444,2
44020,2
5735,2
50796,2
60753,2
8610,2
5170,2
101741,2
5361,2
6425,2
5443,2
8138,2
3432,2
3165,2
5454,2
5925,2
5538,2
6970,2
5539,2
26965,2
504,2
3662,2
136449,2
78041,2
1798,2
52579,2
88954,2
47404,2
88699,2
74075,2
1718,2
74851,2
80846,2
116668,2
84942,2
91353,2
1123,2
82053,2
1406,2
148881,2
1533,2
109576,2
90057,2
66783,2
7937,2
6263,2
99910,2
8405,2
98239,2
1906,2
51498,2
95583,2
1881,2
6223,2
96004,2
103819,2
99532,2
56012,2
57536,2
58870,2
40412,2
60291,2
60522,2
91622,2
1571,2
3580,2
105468,2
44225,2
53140,2
53138,2
8327,2
7486,2
5258,2
5279,2
5603,2
26564,2
90471,2
66171,2
92048,2
27251,2
7925,2
547,2
5938,2
6122,2
6254,2
118700,2
80615,2
1987,2
4061,2
89761,2
109864,2
2069,2
1583,2
88272,2
7789,2
2323,2
2624,2
3046,2
3302,2
1489,2
8451,2
3794,2
4470,2
151763,2
73211,2
89028,2
69805,2
50800,2
45361,2
4957,2
141749,2
5569,2
7564,2
5667,2
6143,2
5853,2
6379,2
6405,2
2900,2
4711,2
294,2
8167,2
3577,2
2766,2
2733,2
3660,2
2614,2
1572,2
140725,2
2597,2
988,2
7820,2
3938,2
3454,2
2630,2
981,2
94405,2
2178,2
176751,2
3370,2
166946,2
4224,2
1415,2
4683,2
1547,2
1397,2
388,2
4154,2
141890,2
2256,2
5707,2
131656,2
7321,2
7646,2
59429,2
7888,2
143367,2
7883,2
52730,2
2244,2
27618,2
54276,2
109042,2
107953,2
3929,2
105351,2
30745,2
1986,2
2044,2
103624,2
103539,2
55946,2
102684,2
2255,2
795,2
2267,2
6530,2
8574,2
4297,2
48883,2
44929,2
8946,2
4422,2
26524,2
867,2
2446,2
8142,2
4217,2
142115,2
6023,2
38388,2
184253,2
82378,2
8578,2
1167,2
107069,2
8943,2
278,2
8530,2
7440,2
4626,2
115231,2
171495,2
170355,2
5682,2
86628,2
168612,2
97470,2
6428,2
499,2
6862,2
148172,2
1440,2
114627,2
74948,2
6884,2
113345,2
187031,2
211,2
109569,2
31445,2
31431,2
106839,2
107997,2
31114,2
635,2
30883,2
2272,2
104944,2
8830,2
2494,2
8912,2
5890,2
26555,2
3738,2
3849,2
2828,2
173197,2
6013,2
6997,2
8730,2
64197,2
4517,2
7085,2
71248,2
4782,2
72405,2
74452,2
76060,2
84615,2
103048,2
171765,2
26649,2
2515,2
26750,2
1887,2
7082,2
26198,2
26812,2
3042,2
8813,2
8809,2
8778,2
6523,2
7025,2
155820,2
7093,2
6554,2
160571,2
51088,2
7841,2
148424,2
3453,2
54745,2
58655,2
7884,2
58806,2
61729,2
136602,2
4053,2
7092,2
106062,2
1699,2
4947,2
3313,2
2365,2
2400,2
5447,2
74282,2
67186,2
8482,2
2903,2
3161,2
61705,2
185135,2
8477,2
58876,2
5980,2
70687,2
3368,2
5033,2
8487,2
3833,2
7584,2
160565,2
101415,2
2566,2
5226,2
86817,2
44889,2
91079,2
3673,2
984,2
139717,2
139915,2
1495,2
7618,2
1460,2
917,2
143245,2
4622,2
2098,2
6612,2
7705,2
118,2
8492,2
51937,2
7382,2
36533,2
183,2
80,2
40946,2
132660,2
238,2
808,2
37853,2
161127,2
43869,2
98122,2
33815,2
152037,2
3912,2
7212,2
111443,2
26704,2
2886,2
341,2
5543,2
5462,2
43556,2
141688,2
4714,2
51698,2
4523,2
50923,2
50445,2
50158,2
3971,2
49793,2
4009,2
4294,2
48161,2
4412,2
4443,2
4263,2
43932,2
8521,2
2425,2
87522,2
48596,2
77798,2
1600,2
62383,2
5529,2
3546,2
2928,2
907,2
3103,2
2749,2
7067,2
1897,2
1829,2
779,2
66511,2
8978,2
184015,2
3391,2
3539,2
3581,2
3790,2
3898,2
172547,2
172215,2
4125,2
46337,2
4252,2
4138,2
53,2
26681,2
6902,2
1413,2
214,2
4082,2
321,2
331,2
144976,2
369,2
4273,2
1922,2
108689,2
141004,2
2007,2
136666,2
2260,2
2271,2
1624,2
2482,2
74553,2
2552,2
6464,2
171867,2
4147,2
64116,2
8848,2
645,2
110669,2
5324,2
45382,2
102720,2
98083,2
97172,2
32582,2
1612,2
92264,2
49013,2
112497,2
2283,2
5521,2
8620,2
78174,2
74275,2
5633,2
71205,2
60289,2
5636,2
61255,2
5297,2
506,2
4312,2
159441,2
4462,2
26183,2
26184,2
4478,2
165947,2
165103,2
4600,2
4617,2
4672,2
159755,2
27619,2
67665,2
155812,2
148652,2
4780,2
4847,2
33090,2
130087,2
129737,2
103107,2
127152,2
184,2
119,2
27482,2
4268,2
5177,2
3372,2
74668,2
78703,2
81910,2
52644,2
104245,2
48414,2
7208,2
7171,2
695,2
3679,2
3906,2
123947,2
2330,2
138204,2
2201,2
5304,2
4634,2
5341,2
5867,2
6244,2
6858,2
3597,2
179,2
6946,2
3211,2
3641,2
26052,2
26151,2
55620,2
56336,2
56379,2
62970,2
5611,2
3475,2
5357,2
5282,2
4031,2
5256,2
58107,2
4836,2
4534,2
66198,2
4337,2
2929,2
41617,2
2927,2
73569,2
7087,2
7889,2
2187,2
91470,2
70305,2
85412,2
100810,2
87785,2
100882,2
99437,2
98499,2
98623,2
92694,2
389,2
89190,2
2185,2
549,2
670,2
3823,2
71429,2
69516,2
3855,2
63276,2
4077,2
55278,2
50842,2
1650,2
96691,2
93297,2
139855,2
4965,2
7773,2
86898,2
48698,2
50274,2
75395,2
26631,2
92309,2
82041,2
84189,2
159717,2
159415,2
155064,2
85397,2
90469,2
61465,2
27664,2
142509,2
142456,2
142420,2
141408,2
59143,2
66798,2
25898,2
128968,2
125974,2
4756,2
87194,2
81819,2
5334,2
5915,2
58972,2
6760,2
6798,2
128852,2
127136,2
99764,2
8743,2
131826,2
5619,2
132422,2
26700,2
132800,2
133712,2
5181,2
120637,2
119655,2
91671,2
5919,2
118924,2
941,2
568,2
4743,2
5409,2
6992,2
7192,2
8782,2
36276,2
113252,2
94150,2
93805,2
117109,2
4397,2
2521,2
7050,2
118572,2
2523,2
6579,2
6169,2
6060,2
3746,2
3719,2
121097,2
2280,2
8016,2
66943,2
106330,2
2784,2
2625,2
2419,2
90343,2
108188,2
107702,2
93980,2
106438,2
384,2
1417,2
94323,2
2868,2
94896,2
896,2
104129,2
164200,2
96281,2
184791,2
103543,2
102880,2
181065,2
179211,2
2790,2
88672,2
69453,2
141830,2
69604,2
7118,2
6963,2
71732,2
72224,2
6203,2
114601,2
114028,2
5588,2
113532,2
5346,2
109372,2
5165,2
4987,2
4909,2
4661,2
4599,2
4316,2
111663,2
4092,2
3768,2
110655,2
104875,2
104339,2
80880,2
6670,2
88746,2
6442,2
2585,2
6517,2
6547,2
5224,2
5205,2
6616,2
4977,2
6631,2
4863,2
5011,2
3989,2
3859,2
6720,2
6780,2
759,2
6812,2
6851,2
1341,2
3787,2
7175,2
6314,2
5051,2
143257,2
6195,2
5685,2
5688,2
7767,2
5880,2
5994,2
6945,2
5564,2
6078,2
6116,2
6159,2
3655,2
86059,2
6216,2
40870,2
4428,2
80727,2
6268,2
4690,2
83910,2
6269,2
6280,2
937,2
7193,2
3241,2
3240,2
58554,2
50851,2
92643,2
93006,2
97866,2
74727,2
8337,2
73881,2
69529,2
3447,2
4190,2
150401,2
7315,2
57183,2
42191,2
98279,2
36363,2
32892,2
91325,2
6055,2
144620,2
8656,2
102378,2
26409,2
90374,2
100553,2
101088,2
8919,2
41527,2
45062,2
45635,2
46347,2
49957,2
50792,2
52668,2
126430,2
54771,2
118985,2
158956,2
118888,2
60128,2
61401,2
70862,2
108727,2
157200,2
105593,2
166024,2
166568,2
6448,2
4166,2
54734,2
1770,2
105250,2
206,2
107565,2
363,2
4152,2
841,2
1329,2
26159,2
1662,2
2071,2
2607,2
3879,2
3862,2
26413,2
3747,2
135456,2
3150,2
3078,2
3003,2
136305,2
4355,2
4313,2
4350,2
4276,2
7307,2
5131,2
7657,2
5083,2
5062,2
142372,2
4959,2
3715,2
4919,2
4911,2
152079,2
5512,2
4826,2
4811,2
4770,2
4699,2
2546,2
92475,2
2669,2
26510,2
2295,2
7108,2
6856,2
4985,2
27441,2
8718,2
8609,2
8600,2
7222,2
5672,2
5397,2
7054,2
4801,2
138208,2
6412,2
59306,2
2847,2
897,2
1564,2
1929,2
44613,2
3446,2
4796,2
25750,2
25827,2
25856,2
27032,2
26542,2
26547,2
1941,2
1695,2
3587,2
1437,2
760,2
3765,2
26612,2
165969,2
167370,2
89939,2
4298,2
4390,2
4426,2
61406,2
4429,2
4527,2
49389,2
5347,2
5425,2
3643,2
1112,2
8582,2
95475,2
7844,2
95497,2
96815,2
97643,2
68932,2
101739,2
5499,2
6376,2
180297,2
132424,2
6357,2
1767,2
104419,2
104457,2
2586,2
3571,2
189333,2
4399,2
1642,2
25788,2
95182,2
27850,2
84414,2
3932,2
3694,2
3695,2
1502,2
26116,2
668,2
269,2
129397,2
99,2
4466,2
4516,2
4541,2
4565,2
95147,2
32387,2
4629,2
484,2
27865,2
180497,2
178827,2
5486,2
58376,2
8974,2
50003,2
26326,2
5694,2
6572,2
6330,2
91660,2
6217,2
6734,2
5999,2
6031,2
104074,2
5772,2
279,2
33781,2
37545,2
112460,2
114713,2
116887,2
5609,2
48598,2
5755,2
5597,2
8235,2
5963,2
4574,2
4593,2
166291,2
164917,2
63808,2
5096,2
5136,2
4580,2
4632,2
109848,2
68959,2
5932,2
3573,2
6239,2
26764,2
7449,2
7352,2
26765,2
3628,2
57772,2
3773,2
6684,2
6981,2
26504,2
4484,2
7091,2
42946,2
33683,2
7107,2
7089,2
6509,2
4440,2
4433,2
5637,2
4784,2
4296,2
3473,2
4079,2
3283,2
3223,2
39801,2
8832,2
36850,2
6918,2
114678,2
128512,2
135518,2
172591,2
173925,2
4055,2
4589,2
4578,2
33779,2
2977,2
6577,2
2364,2
2314,2
2210,2
7743,2
7930,2
1107,2
4292,2
3141,2
5023,2
885,2
26871,2
160718,2
27416,2
8195,2
8270,2
8290,2
42018,2
49524,2
44399,2
48342,2
42730,2
50658,2
8596,2
26172,2
8199,2
8121,2
54116,2
8677,2
53161,2
3028,2
81456,2
6124,2
6313,2
7493,2
7647,2
8024,2
8605,2
764,2
425,2
3077,2
4164,2
7895,2
4113,2
4080,2
105355,2
53022,2
3966,2
85885,2
113741,2
7581,2
74228,2
7614,2
3901,2
7333,2
1696,2
6568,2
33564,2
5984,2
4193,2
5531,2
1428,2
6324,2
6035,2
1151,2
5472,2
4142,2
6163,1
6603,1
127319,1
127194,1
6178,1
6609,1
128592,1
25996,1
82857,1
6101,1
129250,1
127132,1
3658,1
129657,1
25962,1
129659,1
130083,1
3619,1
131480,1
132333,1
132462,1
25952,1
132488,1
132618,1
129333,1
6181,1
126420,1
125221,1
117511,1
118248,1
118326,1
118354,1
31260,1
118512,1
31083,1
118814,1
6289,1
6273,1
131724,1
31030,1
119068,1
6245,1
6232,1
6228,1
7083,1
6225,1
120783,1
6201,1
2757,1
3965,1
122490,1
6592,1
26791,1
122932,1
25999,1
124859,1
2743,1
25940,1
25927,1
2697,1
133195,1
136800,1
136816,1
136859,1
1180,1
8989,1
5836,1
2612,1
5826,1
2611,1
8987,1
5802,1
8979,1
5801,1
2211,1
137517,1
138546,1
451,1
139052,1
7822,1
8955,1
139415,1
7826,1
139857,1
8938,1
2493,1
8921,1
4046,1
8920,1
5799,1
136786,1
25752,1
136778,1
6020,1
133281,1
6090,1
3832,1
25870,1
25865,1
133365,1
6042,1
6660,1
6667,1
25826,1
133377,1
133545,1
7357,1
2652,1
136664,1
133782,1
133798,1
134021,1
134158,1
25795,1
5875,1
25769,1
134859,1
136654,1
25757,1
25753,1
5863,1
3405,1
117107,1
2801,1
31903,1
929,1
3609,1
104078,1
6545,1
8019,1
104760,1
42422,1
7086,1
105121,1
6477,1
105755,1
27537,1
7714,1
8057,1
956,1
78746,1
8126,1
106542,1
7335,1
106883,1
6454,1
107945,1
5348,1
107962,1
3281,1
1473,1
4557,1
108601,1
108715,1
103865,1
7702,1
34359,1
7713,1
100326,1
100487,1
101360,1
101529,1
8131,1
6853,1
101884,1
101895,1
102025,1
5773,1
102165,1
102278,1
102819,1
3714,1
103755,1
5651,1
5448,1
6515,1
5365,1
103221,1
5197,1
103502,1
4831,1
4410,1
4111,1
3428,1
2362,1
6527,1
109183,1
4454,1
3720,1
6382,1
48741,1
44511,1
6407,1
3816,1
7560,1
113416,1
4798,1
6400,1
7479,1
43333,1
7414,1
6390,1
42740,1
114925,1
8094,1
115151,1
115170,1
115216,1
116207,1
35015,1
3870,1
7772,1
116413,1
116419,1
96,1
6336,1
116849,1
116985,1
113350,1
49666,1
113225,1
3789,1
3739,1
109191,1
55687,1
109295,1
55071,1
959,1
109317,1
488,1
7716,1
7727,1
6434,1
7572,1
109416,1
110611,1
53921,1
6422,1
3125,1
110826,1
970,1
3112,1
111680,1
111795,1
112303,1
2930,1
112749,1
50514,1
113186,1
7831,1
4129,1
140237,1
7049,1
1893,1
976,1
167064,1
5440,1
4970,1
5212,1
6990,1
5239,1
5384,1
5986,1
7012,1
6064,1
7074,1
164655,1
8459,1
8191,1
982,1
7052,1
1507,1
6528,1
7073,1
7053,1
8458,1
162414,1
7882,1
4998,1
7211,1
4704,1
179813,1
4236,1
6611,1
184721,1
168350,1
168456,1
187717,1
169180,1
173751,1
8481,1
3568,1
7839,1
2839,1
1902,1
6912,1
6948,1
8463,1
3756,1
4769,1
6962,1
6965,1
183317,1
706,1
183199,1
8462,1
89039,1
8153,1
5455,1
1757,1
8461,1
6982,1
6984,1
7055,1
160644,1
165343,1
7062,1
1398,1
8410,1
100556,1
26359,1
26838,1
5213,1
7070,1
8385,1
89090,1
38198,1
5168,1
5116,1
8382,1
46855,1
8424,1
5114,1
8375,1
8338,1
55156,1
5007,1
8336,1
8331,1
5077,1
8293,1
8302,1
58191,1
1068,1
5012,1
993,1
105835,1
5375,1
7058,1
8450,1
7057,1
7190,1
8446,1
6775,1
1496,1
4495,1
6935,1
152711,1
8232,1
7181,1
5353,1
7620,1
151311,1
7061,1
148982,1
4521,1
109161,1
8275,1
5311,1
7786,1
7177,1
7920,1
7896,1
4635,1
1423,1
7167,1
5231,1
165347,1
165139,1
140525,1
150604,1
7833,1
148592,1
8711,1
7223,1
7835,1
148709,1
4184,1
149590,1
149612,1
5649,1
638,1
74580,1
4860,1
5629,1
4171,1
151317,1
151501,1
5604,1
60832,1
4189,1
8684,1
151559,1
8650,1
8617,1
8611,1
59738,1
8591,1
151653,1
8712,1
8714,1
151745,1
143410,1
140850,1
8125,1
71640,1
141422,1
142424,1
8875,1
143001,1
7326,1
143255,1
7832,1
8774,1
5771,1
8773,1
143472,1
6768,1
8771,1
144262,1
4804,1
7141,1
90384,1
8754,1
144714,1
144716,1
145150,1
8753,1
146688,1
146730,1
148482,1
8575,1
151777,1
165075,1
160730,1
5601,1
6837,1
7944,1
159077,1
8518,1
159193,1
5581,1
7900,1
159690,1
160440,1
160573,1
6911,1
160646,1
5525,1
158022,1
7219,1
8502,1
161290,1
161830,1
161918,1
1928,1
7217,1
7075,1
162828,1
164375,1
1926,1
164647,1
164753,1
188189,1
6788,1
152085,1
1933,1
152105,1
152658,1
5602,1
56169,1
2180,1
154065,1
155358,1
2179,1
155659,1
1940,1
155743,1
155892,1
156553,1
1932,1
157432,1
156706,1
8534,1
157122,1
157130,1
4871,1
189713,1
4204,1
157172,1
6772,1
157270,1
157340,1
157407,1
4218,1
8465,1
167854,1
27830,1
149,1
649,1
602,1
526,1
495,1
320,1
301,1
108,1
145724,1
77,1
141846,1
59131,1
46664,1
25947,1
25923,1
803,1
1053,1
1119,1
1310,1
1349,1
1475,1
1514,1
1549,1
1585,1
1613,1
1759,1
2008,1
2104,1
2304,1
2417,1
2435,1
2512,1
25905,1
2800,1
183301,1
165529,1
151479,1
151781,1
153236,1
156675,1
157865,1
158388,1
158874,1
159061,1
159403,1
160978,1
161008,1
161032,1
161044,1
163809,1
167706,1
181315,1
168608,1
169670,1
169904,1
169958,1
170297,1
170551,1
171695,1
172229,1
172233,1
172253,1
173873,1
174727,1
178129,1
179053,1
2544,1
2577,1
2609,1
1117,1
54686,1
65359,1
66240,1
71160,1
72165,1
72982,1
202,1
263,1
563,1
573,1
579,1
583,1
632,1
961,1
1156,1
35347,1
1493,1
1857,1
2156,1
2207,1
2388,1
2481,1
2503,1
2897,1
3010,1
3289,1
3295,1
3640,1
3808,1
3920,1
47384,1
27036,1
2620,1
3531,1
2725,1
2727,1
2813,1
2865,1
2885,1
2892,1
2972,1
3002,1
3183,1
3303,1
3344,1
3374,1
3459,1
3514,1
3586,1
1654,1
3637,1
3792,1
4420,1
4436,1
4695,1
4705,1
4766,1
4786,1
4810,1
117,1
220,1
285,1
311,1
636,1
145745,1
144522,1
32294,1
81791,1
86286,1
85438,1
84523,1
83796,1
83086,1
82534,1
80083,1
140852,1
79895,1
78959,1
77709,1
77201,1
76030,1
75947,1
86355,1
86864,1
87197,1
87960,1
88593,1
88697,1
89085,1
89862,1
90243,1
90428,1
90945,1
91571,1
91981,1
92674,1
93208,1
93502,1
94122,1
75416,1
74696,1
74095,1
60365,1
53143,1
53450,1
54274,1
54908,1
55036,1
55061,1
55205,1
55207,1
56022,1
57499,1
58306,1
59016,1
59336,1
59947,1
60803,1
73808,1
61073,1
62662,1
66915,1
67193,1
68552,1
68650,1
69131,1
69227,1
70703,1
71327,1
71484,1
71550,1
71810,1
72479,1
95145,1
95163,1
95165,1
123310,1
115819,1
116044,1
116169,1
116941,1
116963,1
117630,1
118290,1
119218,1
119828,1
120827,1
121035,1
122260,1
122433,1
122627,1
128197,1
113849,1
128736,1
129779,1
131578,1
132084,1
132362,1
135787,1
136012,1
136297,1
137218,1
137345,1
137859,1
138702,1
139130,1
139859,1
114126,1
112326,1
95499,1
102590,1
95519,1
95717,1
95771,1
95780,1
95839,1
95965,1
97230,1
97950,1
98503,1
98697,1
98799,1
99638,1
101074,1
101423,1
102735,1
111785,1
102749,1
102852,1
103027,1
103245,1
103366,1
103609,1
104017,1
104837,1
105020,1
105720,1
107999,1
108090,1
108192,1
110541,1
4357,1
4395,1
4615,1
78626,1
82366,1
81520,1
80162,1
80094,1
79868,1
79501,1
77931,1
4653,1
77893,1
76091,1
75389,1
74370,1
73876,1
73741,1
82641,1
82765,1
88327,1
89072,1
89281,1
89837,1
91233,1
93193,1
93598,1
93819,1
94867,1
96832,1
97188,1
97285,1
97701,1
97988,1
98061,1
73676,1
72424,1
72142,1
59915,1
44597,1
47937,1
48150,1
51666,1
52831,1
54910,1
55067,1
55492,1
56620,1
57421,1
57637,1
58826,1
58964,1
58975,1
60303,1
71910,1
60471,1
61262,1
61319,1
61692,1
61818,1
63179,1
63768,1
63826,1
64010,1
66310,1
67168,1
70206,1
70208,1
71341,1
98633,1
99030,1
99721,1
141400,1
128838,1
129313,1
130050,1
130052,1
130840,1
133832,1
135534,1
135803,1
135815,1
138610,1
138632,1
139511,1
139655,1
140267,1
141799,1
117867,1
142366,1
142598,1
145951,1
146309,1
147657,1
147662,1
148166,1
149011,1
152372,1
158721,1
160341,1
160527,1
160836,1
163937,1
118082,1
115727,1
100159,1
107447,1
100397,1
100579,1
100906,1
102066,1
102070,1
102338,1
102760,1
102802,1
103085,1
103219,1
103483,1
103685,1
105801,1
107436,1
107462,1
114707,1
107771,1
110281,1
110286,1
110591,1
110746,1
111551,1
112727,1
113159,1
113313,1
113565,1
113780,1
113862,1
114044,1
114670,1
43289,1
41712,1
36931,1
8456,1
6782,1
6789,1
6803,1
6961,1
6973,1
7037,1
7109,1
7131,1
7292,1
7344,1
7487,1
7916,1
8391,1
8454,1
8601,1
6644,1
8685,1
8713,1
8933,1
8964,1
25805,1
25833,1
25946,1
26038,1
26394,1
26527,1
26599,1
26777,1
26796,1
26875,1
6671,1
6578,1
27178,1
5849,1
4671,1
4689,1
4828,1
4840,1
4883,1
5269,1
5372,1
5503,1
5550,1
5614,1
5720,1
5733,1
5741,1
5742,1
5856,1
6573,1
5922,1
5929,1
5975,1
5990,1
6070,1
6107,1
6111,1
6182,1
6202,1
6237,1
6415,1
6449,1
6516,1
6553,1
26985,1
27255,1
34450,1
7562,1
5901,1
7377,1
8667,1
32302,1
51903,1
137,1
1054,1
3945,1
4497,1
5275,1
5953,1
6009,1
6095,1
7202,1
7984,1
241,1
8840,1
26169,1
26391,1
26399,1
26401,1
26498,1
26603,1
27426,1
27480,1
27491,1
27746,1
27778,1
27905,1
31086,1
2737,1
72603,1
27627,1
41014,1
27644,1
27744,1
30890,1
30994,1
31309,1
31973,1
32234,1
32600,1
32620,1
32649,1
32728,1
32862,1
33237,1
33310,1
44189,1
69224,1
44301,1
47202,1
47538,1
47774,1
48032,1
48214,1
50354,1
50356,1
51314,1
55805,1
56333,1
58783,1
68480,1
68872,1
51545,1
49110,1
47793,1
626,1
3958,1
3942,1
3941,1
3940,1
3939,1
1990,1
121129,1
92681,1
2573,1
164367,1
150993,1
144734,1
135885,1
134775,1
1477,1
168712,1
142056,1
167296,1
1825,1
5059,1
5513,1
7457,1
43684,1
61257,1
2820,1
633,1
790,1
1336,1
1985,1
2451,1
2862,1
128542,1
116724,1
116529,1
135198,1
120130,1
8264,1
91869,1
96150,1
106889,1
120807,1
127164,1
134248,1
146682,1
148667,1
159849,1
163653,1
164540,1
39516,1
176413,1
112580,1
176415,1
2742,1
3674,1
4445,1
5560,1
4284,1
125914,1
36289,1
58297,1
64695,1
73804,1
76743,1
83480,1
85261,1
3442,1
3574,1
3661,1
139747,1
70932,1
72919,1
74688,1
77414,1
78264,1
80858,1
82152,1
90524,1
94325,1
95199,1
96975,1
100527,1
115667,1
128832,1
50942,1
61071,1
5028,1
8189,1
8335,1
25782,1
26717,1
26743,1
40491,1
51573,1
57502,1
100226,1
70015,1
71438,1
81681,1
82684,1
62718,1
47516,1
3663,1
81383,1
3664,1
3678,1
3691,1
5839,1
5840,1
6119,1
26308,1
31123,1
37495,1
48045,1
54617,1
59026,1
68886,1
73681,1
96945,1
43930,1
105246,1
109313,1
111384,1
130498,1
142558,1
148238,1
154975,1
168174,1
4135,1
26357,1
27140,1
27667,1
99191,1
100306,1
79006,1
66544,1
27369,1
876,1
54796,1
72874,1
73501,1
77881,1
79299,1
79536,1
80454,1
84553,1
86000,1
92730,1
78160,1
78544,1
180231,1
467,1
140523,1
26900,1
131739,1
449,1
1824,1
7455,1
32914,1
46231,1
6596,1
6927,1
26958,1
65193,1
74677,1
80834,1
82088,1
89678,1
40597,1
93320,1
91266,1
90863,1
36477,1
37844,1
43914,1
44197,1
47646,1
2483,1
8632,1
27370,1
31617,1
36397,1
68522,1
72554,1
88448,1
89586,1
91890,1
71268,1
94810,1
95939,1
96283,1
97665,1
99087,1
100068,1
105325,1
109941,1
109971,1
112316,1
115065,1
4759,1
5786,1
8593,1
90809,1
91337,1
27006,1
83270,1
159510,1
167538,1
168358,1
180263,1
182727,1
184931,1
184987,1
185033,1
185473,1
186587,1
188797,1
4646,1
8772,1
26761,1
88267,1
149330,1
91414,1
93740,1
96471,1
96518,1
96520,1
97194,1
107780,1
121099,1
144352,1
160422,1
162590,1
165489,1
7266,1
32469,1
158830,1
141994,1
93134,1
5041,1
93988,1
94799,1
95193,1
110781,1
117133,1
126142,1
129229,1
130073,1
136838,1
136840,1
6145,1
1335,1
3294,1
4202,1
5189,1
136958,1
5704,1
5797,1
6746,1
6821,1
7477,1
7730,1
7891,1
8894,1
31150,1
38583,1
40478,1
62586,1
124484,1
135216,1
92234,1
101070,1
47721,1
7704,1
8380,1
8045,1
8043,1
7988,1
7986,1
7707,1
7443,1
102088,1
7191,1
7125,1
7047,1
7041,1
7005,1
6998,1
8425,1
8500,1
8720,1
8755,1
8905,1
8934,1
9004,1
26142,1
26176,1
26195,1
26283,1
26285,1
26344,1
26365,1
26453,1
26467,1
26539,1
6882,1
6860,1
6804,1
5198,1
4197,1
4240,1
4394,1
4490,1
4504,1
4511,1
4568,1
4594,1
4597,1
4603,1
4670,1
5053,1
5054,1
5111,1
5221,1
6722,1
5268,1
5442,1
5591,1
5596,1
5689,1
5768,1
5961,1
6204,1
6267,1
6310,1
6506,1
6557,1
6587,1
6691,1
26562,1
26567,1
26590,1
41627,1
32058,1
32440,1
32442,1
32515,1
33126,1
33294,1
33435,1
33629,1
33801,1
33966,1
34292,1
34800,1
34811,1
40578,1
42559,1
31664,1
42638,1
42943,1
43419,1
43677,1
43908,1
44238,1
44241,1
44243,1
44849,1
45183,1
45648,1
45969,1
46367,1
46574,1
31921,1
31553,1
26593,1
26940,1
26622,1
26630,1
26676,1
26696,1
26701,1
26726,1
26741,1
26745,1
26782,1
26797,1
26828,1
26854,1
26861,1
26913,1
26947,1
31367,1
27002,1
27008,1
27074,1
27105,1
27124,1
27155,1
27306,1
27420,1
27549,1
27595,1
27762,1
27769,1
27784,1
27829,1
3962,1
3709,1
3700,1
8092,1
2538,1
2623,1
2415,1
3143,1
6751,1
56389,1
75446,1
2965,1
5767,1
5828,1
6342,1
6583,1
6692,1
7349,1
8236,1
3021,1
8427,1
8494,1
8800,1
8844,1
26819,1
27373,1
136556,1
2738,1
3403,1
3414,1
3449,1
4710,1
284,1
1652,1
3073,1
2982,1
2196,1
142507,1
102800,1
104337,1
109897,1
110603,1
113705,1
114396,1
114554,1
117877,1
122246,1
122888,1
132335,1
134246,1
135288,1
141668,1
150254,1
2740,1
151687,1
152063,1
152071,1
153070,1
156605,1
166526,1
166705,1
170945,1
179491,1
179749,1
179815,1
1331,1
1980,1
2655,1
2175,1
2589,1
3669,1
183635,1
113280,1
120919,1
128908,1
132454,1
133645,1
141131,1
151557,1
163639,1
168026,1
171917,1
176051,1
178615,1
181719,1
182793,1
184997,1
111800,1
615,1
113829,1
114265,1
124851,1
478,1
806,1
1114,1
1426,1
1794,1
2281,1
2292,1
2339,1
2698,1
3379,1
111913,1
92954,1
3353,1
8118,1
4374,1
4715,1
4827,1
5105,1
5657,1
6417,1
6665,1
6967,1
7023,1
7031,1
7032,1
7114,1
7345,1
7742,1
8727,1
70637,1
2774,1
4342,1
6769,1
7260,1
7615,1
27246,1
32799,1
33649,1
43744,1
55844,1
59549,1
59667,1
68835,1
69495,1
100304,1
127172,1
99992,1
7243,1
4496,1
9008,1
25746,1
2661,1
25797,1
25906,1
31297,1
190183,1
179073,1
175781,1
175743,1
175707,1
175705,1
175693,1
174737,1
71970,1
174403,1
77846,1
174141,1
172461,1
172013,1
86487,1
171759,1
171701,1
93008,1
7302,1
6371,1
164280,1
7065,1
26313,1
31038,1
27523,1
55391,1
66320,1
8795,1
8093,1
1163,1
7411,1
4964,1
102217,1
92494,1
3357,1
185031,1
183611,1
176601,1
170827,1
83369,1
6480,1
26078,1
2075,1
1631,1
8911,1
7040,1
6429,1
123545,1
160569,1
8379,1
92427,1
4879,1
88911,1
82848,1
5095,1
5155,1
66335,1
64278,1
63312,1
46862,1
5498,1
5612,1
5615,1
44719,1
5684,1
32875,1
5818,1
32659,1
6067,1
6192,1
6285,1
27513,1
6551,1
6571,1
6588,1
6679,1
92046,1
93114,1
151759,1
101072,1
600,1
1546,1
142961,1
142602,1
142074,1
136564,1
2765,1
3323,1
3474,1
3761,1
3888,1
3895,1
134515,1
128695,1
127146,1
115203,1
114335,1
4032,1
113374,1
111732,1
4157,1
107338,1
4307,1
103171,1
4407,1
27869,1
8571,1
5847,1
151695,1
161966,1
162082,1
164881,1
167790,1
69654,1
60030,1
2659,1
81535,1
1318,1
57147,1
5284,1
5969,1
6251,1
44937,1
31522,1
26350,1
8804,1
4613,1
5300,1
5385,1
6986,1
112450,1
111320,1
1661,1
74647,1
152284,1
149902,1
2257,1
149830,1
27022,1
33201,1
6949,1
6886,1
6752,1
73488,1
78218,1
84952,1
86721,1
91947,1
93855,1
94931,1
95690,1
95761,1
98607,1
107630,1
110330,1
98361,1
96917,1
131749,1
131920,1
133217,1
147142,1
149144,1
149146,1
95624,1
95218,1
2590,1
2775,1
47978,1
41724,1
31049,1
27705,1
27539,1
103606,1
27473,1
6939,1
4877,1
100843,1
101973,1
112454,1
133780,1
138396,1
152270,1
179709,1
1516,1
875,1
1162,1
8158,1
7127,1
3096,1
4611,1
4581,1
3492,1
39307,1
50806,1
54121,1
59731,1
90576,1
76751,1
3737,1
72591,1
70990,1
70492,1
69904,1
69394,1
4243,1
67618,1
60363,1
59440,1
55112,1
59220,1
58078,1
5338,1
5358,1
5435,1
5699,1
5947,1
6246,1
6279,1
55190,1
6386,1
6688,1
6969,1
5088,1
31610,1
31702,1
32632,1
33558,1
26732,1
81831,1
91483,1
95949,1
27450,1
101531,1
55854,1
3496,1
26901,1
1655,1
2984,1
26695,1
8495,1
5456,1
5584,1
8378,1
8010,1
6938,1
7103,1
32666,1
8626,1
34330,1
31692,1
30818,1
5458,1
45658,1
3389,1
61210,1
3417,1
3433,1
3434,1
61167,1
61011,1
60943,1
60735,1
60674,1
60647,1
60389,1
60046,1
59018,1
54768,1
55020,1
61246,1
62437,1
54962,1
52042,1
4338,1
51471,1
49265,1
25773,1
27776,1
52715,1
6057,1
6971,1
70334,1
73515,1
81512,1
78103,1
118198,1
149380,1
136912,1
183011,1
148675,1
1826,1
140301,1
138186,1
4917,1
4945,1
4946,1
81786,1
3106,1
119964,1
757,1
27320,1
117922,1
117572,1
117368,1
115502,1
38294,1
47254,1
160872,1
70301,1
6186,1
173307,1
6817,1
4772,1
7262,1
8918,1
4251,1
27816,1
2358,1
31223,1
31867,1
32589,1
33148,1
2876,1
34129,1
2032,1
37477,1
41769,1
7924,1
51082,1
51933,1
6234,1
57326,1
57526,1
58627,1
59985,1
68536,1
3132,1
3014,1
61628,1
184641,1
193565,1
193567,1
193571,1
193573,1
193579,1
193581,1
193583,1
193585,1
193587,1
1685,1
4282,1
2164,1
3711,1
96567,1
4813,1
82767,1
5493,1
69712,1
2557,1
391,1
4785,1
5244,1
5307,1
7976,1
889,1
191005,1
183911,1
61986,1
181413,1
7038,1
7264,1
8143,1
103210,1
4658,1
127212,1
148978,1
157369,1
158035,1
161594,1
162968,1
162982,1
165635,1
168090,1
168218,1
170907,1
172705,1
173235,1
174479,1
175475,1
175585,1
177285,1
177939,1
178111,1
180987,1
26122,1
26840,1
33138,1
49263,1
117646,1
119167,1
123553,1
128842,1
130444,1
146662,1
159779,1
166203,1
179511,1
184053,1
189547,1
1841,1
106144,1
174909,1
175197,1
188751,1
385,1
1458,1
83,1
63033,1
62799,1
1671,1
1677,1
1867,1
2056,1
77795,1
65651,1
62836,1
4722,1
148,1
178,1
496,1
2744,1
3894,1
4174,1
4932,1
5607,1
698,1
8532,1
56274,1
45106,1
62834,1
62299,1
49,1
679,1
2983,1
3329,1
27075,1
83601,1
7811,1
34397,1
51562,1
56915,1
55,1
4864,1
99846,1
118530,1
116817,1
69988,1
80584,1
116738,1
116718,1
115111,1
111146,1
109596,1
109241,1
108078,1
3592,1
107951,1
106927,1
3687,1
106594,1
105746,1
4325,1
4788,1
5373,1
5888,1
5889,1
5912,1
105540,1
103602,1
102984,1
118270,1
118834,1
8025,1
6030,1
69140,1
77206,1
77427,1
79572,1
80572,1
126577,1
86014,1
86815,1
88108,1
126088,1
125970,1
124404,1
124273,1
122092,1
121781,1
121469,1
121342,1
121338,1
2837,1
121007,1
120813,1
4740,1
119714,1
118894,1
118862,1
102747,1
8197,1
118166,1
84844,1
86066,1
93022,1
88345,1
91261,1
93790,1
95175,1
95311,1
95313,1
96373,1
98604,1
100302,1
91666,1
102602,1
102666,1
91386,1
104780,1
107159,1
107408,1
107410,1
107412,1
108540,1
108981,1
109633,1
110586,1
116411,1
85316,1
84156,1
8511,1
80124,1
26150,1
26236,1
26237,1
26347,1
26587,1
26849,1
99853,1
27134,1
99130,1
99122,1
33124,1
38159,1
48872,1
56060,1
96935,1
60904,1
63515,1
96608,1
95843,1
95633,1
69685,1
72104,1
94661,1
75341,1
79333,1
126921,1
65577,1
64114,1
157775,1
156025,1
155589,1
1337,1
153408,1
1771,1
153386,1
150554,1
149566,1
149508,1
2298,1
149350,1
148775,1
2651,1
2992,1
3013,1
148632,1
147936,1
147410,1
146986,1
146684,1
146244,1
145491,1
144222,1
143559,1
143031,1
156781,1
158398,1
62553,1
158882,1
170837,1
170993,1
171751,1
171811,1
172321,1
173253,1
174681,1
176621,1
176805,1
177185,1
167772,1
182293,1
182297,1
182299,1
182731,1
184349,1
167380,1
164707,1
164226,1
163527,1
791,1
159069,1
1116,1
1137,1
1144,1
142831,1
4645,1
142550,1
142444,1
135777,1
1659,1
134847,1
134334,1
134004,1
133879,1
133867,1
132584,1
132496,1
132153,1
131610,1
131439,1
5109,1
131130,1
131104,1
131098,1
130452,1
129011,1
128944,1
128594,1
128366,1
128089,1
128087,1
57522,1
127134,1
135937,1
136341,1
136353,1
6678,1
4800,1
142196,1
141928,1
141646,1
5640,1
5749,1
141513,1
140561,1
6395,1
140541,1
140481,1
140133,1
136355,1
139994,1
139640,1
7308,1
7492,1
7561,1
139157,1
8147,1
136834,1
8426,1
136503,1
136359,1
117444,1
118896,1
287,1
127390,1
128099,1
128914,1
34312,1
134861,1
136443,1
136471,1
136511,1
32243,1
32060,1
144606,1
31925,1
31851,1
27826,1
159161,1
26645,1
26429,1
160289,1
161024,1
162344,1
162602,1
165483,1
165645,1
165671,1
165843,1
26265,1
128097,1
127116,1
168144,1
123200,1
53280,1
51167,1
50999,1
50613,1
49735,1
48649,1
47736,1
46105,1
44851,1
44777,1
44773,1
42761,1
41828,1
100194,1
37444,1
104644,1
109282,1
35807,1
110773,1
111375,1
118930,1
119153,1
121372,1
121374,1
121715,1
167634,1
25887,1
120138,1
8238,1
6604,1
6402,1
6271,1
4083,1
141718,1
167732,1
3604,1
3315,1
7312,1
110718,1
112868,1
114184,1
127184,1
128488,1
130578,1
131023,1
1519,1
1140,1
165551,1
987,1
726,1
722,1
406,1
324,1
143458,1
2969,1
184257,1
168632,1
183959,1
168846,1
170357,1
170399,1
170401,1
170817,1
170897,1
170937,1
170957,1
171251,1
171631,1
171891,1
173255,1
174045,1
174815,1
175577,1
176329,1
178323,1
179427,1
179953,1
180265,1
181139,1
181659,1
182749,1
183197,1
183227,1
53355,1
53578,1
58291,1
141844,1
143511,1
145994,1
146028,1
147196,1
147250,1
147282,1
147286,1
147300,1
147326,1
147328,1
147330,1
151769,1
152591,1
158402,1
159811,1
163072,1
163112,1
163386,1
163925,1
165959,1
166183,1
170411,1
170597,1
170777,1
171749,1
142020,1
141836,1
60737,1
141820,1
120625,1
126090,1
126426,1
91355,1
129514,1
130970,1
130976,1
130978,1
131237,1
133716,1
134041,1
134095,1
134109,1
134184,1
134252,1
134326,1
134849,1
136445,1
136447,1
138835,1
140038,1
140265,1
141810,1
141816,1
141818,1
172577,1
172583,1
172585,1
172587,1
81087,1
6049,1
7096,1
79897,1
79684,1
78620,1
78142,1
77688,1
76301,1
76143,1
74683,1
74342,1
73822,1
73160,1
72692,1
72624,1
72178,1
70697,1
69720,1
69469,1
69304,1
69211,1
67888,1
65588,1
62008,1
83969,1
84246,1
84512,1
175293,1
172589,1
172637,1
172793,1
172825,1
172909,1
173351,1
173355,1
173535,1
173619,1
173963,1
174551,1
175387,1
85295,1
175397,1
175401,1
175431,1
175435,1
178613,1
179133,1
99636,1
3795,1
89898,1
88069,1
87834,1
111844,1
65810,1
109723,1
33188,1
44657,1
46772,1
52462,1
6158,1
63239,1
6344,1
27695,1
44943,1
59995,1
1900,1
4237,1
4562,1
5537,1
5575,1
130842,1
6408,1
8738,1
26147,1
170939,1
61697,1
7134,1
59814,1
70708,1
77266,1
136540,1
40966,1
32392,1
824,1
32314,1
201,1
7394,1
189,1
7616,1
7745,1
7749,1
7936,1
7938,1
7939,1
7951,1
7987,1
7993,1
8188,1
8196,1
8239,1
8512,1
8670,1
25963,1
26002,1
26124,1
26231,1
26303,1
26694,1
31590,1
31737,1
3590,1
386,1
5416,1
4463,1
4524,1
4573,1
4583,1
4595,1
4610,1
4666,1
4675,1
4777,1
4818,1
4926,1
4961,1
4962,1
5068,1
5071,1
5112,1
5178,1
5209,1
5237,1
5240,1
5278,1
5285,1
5321,1
5322,1
5328,1
5345,1
4475,1
4458,1
1040,1
4451,1
1121,1
1656,1
1870,1
2172,1
4260,1
2751,1
2835,1
2884,1
2893,1
2979,1
3008,1
3378,1
3625,1
3847,1
3900,1
3951,1
4074,1
3851,1
4089,1
4115,1
4123,1
4139,1
4242,1
4290,1
4353,1
7336,1
7328,1
7205,1
31698,1
33644,1
336,1
40617,1
60818,1
71129,1
72601,1
82744,1
88515,1
94160,1
95004,1
95149,1
95473,1
96007,1
97785,1
102058,1
102084,1
103233,1
103449,1
104141,1
107723,1
108795,1
113278,1
134524,1
137863,1
152173,1
32743,1
27802,1
7088,1
27683,1
4434,1
4942,1
5468,1
5706,1
5979,1
6021,1
6654,1
6656,1
6836,1
6899,1
7304,1
25959,1
27692,1
32139,1
42556,1
56837,1
71302,1
71999,1
80748,1
84799,1
87287,1
92760,1
94262,1
2656,1
359,1
161354,1
162598,1
163056,1
166558,1
2632,1
3455,1
3680,1
3838,1
243,1
3919,1
4064,1
4065,1
4393,1
4408,1
4614,1
4687,1
4988,1
5121,1
5156,1
5465,1
5489,1
5515,1
5780,1
5974,1
6123,1
219,1
6465,1
6533,1
6748,1
254,1
4323,1
2856,1
55259,1
169982,1
172497,1
172875,1
172881,1
172887,1
176935,1
179119,1
182639,1
31435,1
45074,1
53326,1
310,1
170289,1
46865,1
47952,1
52279,1
72696,1
93139,1
95796,1
100737,1
126482,1
130686,1
131934,1
158254,1
5390,1
5422,1
73431,1
5764,1
7372,1
8136,1
8137,1
8447,1
5746,1
26386,1
26464,1
31000,1
34018,1
37211,1
43558,1
48262,1
49688,1
50064,1
53453,1
53808,1
55294,1
58351,1
61123,1
63393,1
65135,1
67361,1
69118,1
70545,1
71466,1
7245,1
6814,1
73386,1
6514,1
2887,1
3057,1
3276,1
3284,1
3390,1
3596,1
3933,1
4051,1
4156,1
4198,1
4212,1
4630,1
4660,1
4775,1
4952,1
4981,1
5356,1
5490,1
5700,1
5752,1
5779,1
6302,1
6424,1
6427,1
6476,1
72694,1
75803,1
5424,1
92198,1
93242,1
93982,1
94011,1
94494,1
94919,1
95201,1
95508,1
95744,1
96114,1
96530,1
96726,1
97328,1
97742,1
97858,1
97870,1
97936,1
98160,1
98175,1
98230,1
98296,1
98836,1
98908,1
99005,1
99415,1
99574,1
92665,1
91935,1
75816,1
91873,1
77421,1
78034,1
78116,1
79259,1
79590,1
79946,1
80864,1
81949,1
82093,1
82095,1
82527,1
83374,1
84696,1
84950,1
85025,1
85399,1
86028,1
86593,1
89343,1
89388,1
89427,1
90719,1
90738,1
91273,1
91688,1
6835,1
2368,1
1839,1
6816,1
106,1
7165,1
7176,1
7248,1
7251,1
7364,1
7390,1
8587,1
8915,1
8952,1
8954,1
25834,1
31162,1
32116,1
33826,1
33838,1
34540,1
42602,1
43912,1
46559,1
48319,1
48560,1
51694,1
52299,1
52724,1
6883,1
6809,1
96430,1
6797,1
5461,1
5562,1
5635,1
5663,1
5817,1
5829,1
5896,1
5968,1
6033,1
6036,1
6141,1
6222,1
6295,1
6493,1
6510,1
6542,1
6560,1
6563,1
6574,1
6598,1
6628,1
6689,1
6696,1
6699,1
6718,1
52784,1
53447,1
55110,1
56908,1
7899,1
4925,1
4939,1
5063,1
136469,1
6347,1
6597,1
5532,1
7306,1
8588,1
27708,1
33893,1
45503,1
66090,1
68347,1
71902,1
89208,1
92348,1
1675,1
4453,1
5580,1
5675,1
5787,1
8690,1
4402,1
2665,1
59295,1
26693,1
173209,1
58879,1
60141,1
76763,1
95135,1
112940,1
115828,1
127130,1
154358,1
167570,1
169992,1
173205,1
176423,1
8577,1
180045,1
1412,1
4093,1
27704,1
69860,1
79677,1
85394,1
86668,1
89580,1
90943,1
6210,1
3648,1
882,1
112512,1
470,1
3667,1
160848,1
169034,1
1746,1
73499,1
71108,1
7926,1
26887,1
50610,1
54934,1
65596,1
67799,1
68600,1
70663,1
51357,1
116138,1
134528,1
134783,1
134808,1
138798,1
64499,1
64501,1
74624,1
27716,1
27689,1
3043,1
88094,1
106785,1
127323,1
4459,1
4473,1
4522,1
4953,1
4966,1
140289,1
5638,1
114066,1
112334,1
48416,1
107846,1
6125,1
6453,1
129,1
3634,1
3713,1
102007,1
3086,1
4830,1
92094,1
8383,1
68597,1
80839,1
92192,1
96121,1
106441,1
114246,1
33312,1
5736,1
5927,1
6316,1
6705,1
113275,1
7282,1
7636,1
7708,1
7781,1
8402,1
31422,1
31424,1
97024,1
49314,1
52867,1
55729,1
58287,1
65601,1
65738,1
65740,1
65882,1
3171,1
3872,1
6452,1
6706,1
7218,1
5883,1
5664,1
118706,1
5590,1
131796,1
8117,1
140627,1
145418,1
158027,1
160400,1
163985,1
140016,1
149334,1
158528,1
175199,1
183295,1
409,1
2190,1
7843,1
2516,1
2559,1
3280,1
4181,1
4371,1
4584,1
4750,1
4885,1
137595,1
113394,1
4110,1
144210,1
3974,1
146024,1
6358,1
4783,1
7815,1
4449,1
8015,1
7879,1
8535,1
1807,1
3410,1
3807,1
476,1
2812,1
3692,1
3622,1
3400,1
2974,1
3652,1
3857,1
4143,1
3056,1
2898,1
6715,1
2754,1
7368,1
8225,1
128,1
121171,1
145283,1
1739,1
77667,1
107449,1
84637,1
107013,1
86960,1
89047,1
93512,1
95738,1
95170,1
96411,1
99750,1
86068,1
85259,1
73858,1
110350,1
112070,1
143365,1
146210,1
47566,1
173941,1
185435,1
6983,1
26366,1
44633,1
58309,1
8241,1
8831,1
26523,1
26736,1
5272,1
5723,1
5745,1
5884,1
71619,1
113207,1
6086,1
963,1
1008,1
1660,1
2055,1
295,1
180777,1
2286,1
2462,1
2852,1
171023,1
166015,1
3331,1
3345,1
157110,1
3806,1
157108,1
3926,1
155168,1
5241,1
4384,1
1427,1
57910,1
31193,1
31909,1
33132,1
2037,1
37475,1
38992,1
42285,1
43549,1
50147,1
50440,1
1891,1
60538,1
4116,1
66427,1
69251,1
71500,1
298,1
1679,1
1574,1
2824,1
2964,1
3192,1
1456,1
3914,1
7943,1
7184,1
6561,1
2894,1
4717,1
4927,1
27866,1
70451,1
81257,1
84240,1
130482,1
136850,1
193609,1
80917,1
93610,1
97757,1
3567,1
59118,1
189043,1
189111,1
190207,1
190209,1
190213,1
190215,1
190219,1
190221,1
56869,1
58842,1
77177,1
4500,1
2848,1
128900,1
3899,1
128991,1
134019,1
134796,1
136024,1
138966,1
140162,1
140737,1
140816,1
143525,1
143896,1
144478,1
145080,1
147002,1
150696,1
152065,1
155774,1
158842,1
159976,1
160684,1
173317,1
179135,1
184245,1
188675,1
188833,1
189381,1
92243,1
109687,1
115969,1
156783,1
96563,1
2226,1
26095,1
65350,1
85334,1
87028,1
89386,1
26472,1
176389,1
176579,1
96964,1
113604,1
114494,1
132888,1
145935,1
1565,1
2695,1
4078,1
4505,1
2307,1
3162,1
510,1
3716,1
3731,1
3922,1
93040,1
59810,1
27329,1
54787,1
2370,1
979,1
2975,1
27751,1
38164,1
4404,1
775,1
7178,1
7179,1
7940,1
32179,1
55555,1
8998,1
57843,1
60857,1
60894,1
88179,1
88932,1
90353,1
7122,1
34164,1
58492,1
4354,1
8580,1
128902,1
127180,1
77841,1
26158,1
26317,1
26713,1
26928,1
27003,1
27176,1
27328,1
31545,1
31952,1
32511,1
32906,1
32917,1
42176,1
44931,1
47446,1
48001,1
49917,1
51174,1
53883,1
54354,1
61394,1
62208,1
65037,1
65225,1
65631,1
67508,1
26225,1
26073,1
127114,1
26059,1
72330,1
4180,1
618,1
2896,1
6044,1
110387,1
121253,1
133115,1
773,1
823,1
3736,1
3845,1
4612,1
4825,1
5838,1
6241,1
6329,1
7071,1
7238,1
7459,1
7979,1
8190,1
8484,1
26003,1
26048,1
68444,1
69746,1
69953,1
71147,1
90630,1
90769,1
91784,1
91860,1
92637,1
94735,1
96084,1
97904,1
100044,1
100106,1
100277,1
102742,1
102823,1
106648,1
109383,1
111817,1
114847,1
116505,1
117364,1
117531,1
117849,1
118784,1
120761,1
121169,1
124853,1
90528,1
90357,1
90245,1
79073,1
71453,1
71468,1
71494,1
71867,1
72714,1
72921,1
74089,1
74226,1
76054,1
76738,1
77233,1
80478,1
89945,1
80553,1
81191,1
83976,1
84273,1
84716,1
85213,1
86237,1
86279,1
86922,1
5962,1
87660,1
163981,1
